,Disease_code,rs_number,genotype,risk_encode,risk
0,D1,rs1801282,CC,D1rs1801282CC,0.934579439
1,D1,rs5443,CC,D1rs5443CC,0.636537237
2,D1,rs2282440,AG,D1rs2282440AG,0.899118864
3,D1,rs1800006,AG,D1rs1800006AG,1.078431370
4,D1,rs1042714,CC,D1rs1042714CC,0.978010414
5,D1,rs7732671,GG,D1rs7732671GG,0.965250965
6,D1,rs6499640,GG,D1rs6499640GG,0.962702962
7,D1,rs1822825,GG,D1rs1822825GG,0.909090909
8,D1,rs712221,AT,D1rs712221AT,0.907441016
9,D1,rs2167270,GG,D1rs2167270GG,1.211890240
10,D1,rs74315350,CC,D1rs74315350CC,0.950000000
11,D1,rs17782313,TT,D1rs17782313TT,0.889220865
12,D2,rs11726117,CT,D2rs11726117CT,0.930851064
13,D2,rs1333049,CC,D2rs1333049CC,1.318847530
14,D2,rs1137070,TT,D2rs1137070TT,0.758104133
15,D2,rs2283725,AA,D2rs2283725AA,0.736301118
16,D2,rs13124007,CC,D2rs13124007CC,1.483550048
17,D2,rs2231142,GG,D2rs2231142GG,0.802980664
18,D2,rs3733591,TT,D2rs3733591TT,0.900900901
19,D2,rs559946,CC,D2rs559946CC,1.144164760
20,D3,rs1111875,CT,D3rs1111875CT,1.067835711
21,D3,rs7903146,TT,D3rs7903146TT,2.893619901
22,D3,rs10946398,AC,D3rs10946398AC,1.017431183
23,D3,rs10811661,CT,D3rs10811661CT,0.928817322
24,D3,rs391300,TT,D3rs391300TT,0.894774517
25,D3,rs2237895,AC,D3rs2237895AC,1.088682471
26,D3,rs5219,CT,D3rs5219CT,1.029866117
27,D3,rs13266634,CT,D3rs13266634CT,0.973666411
28,D3,rs17584499,CC,D3rs17584499CC,0.897666068
29,D3,rs1801282,CC,D3rs1801282CC,1.009303828
30,D4,rs11066001,TT,D4rs11066001TT,0.840179042
31,D4,rs9366637,TT,D4rs9366637TT,0.728104090
32,D4,rs7412,CC,D4rs7412CC,0.900576369
33,D4,rs5186,AA,D4rs5186AA,0.893096365
34,D4,rs174547,CT,D4rs174547CT,1.018802286
35,D4,rs1800683,GG,D4rs1800683GG,0.885975016
36,D4,rs1041981,CC,D4rs1041981CC,1.077938594
37,D4,rs2071592,TT,D4rs2071592TT,0.701262272
38,D4,rs2239527,CC,D4rs2239527CC,0.683994528
39,D4,rs1048990,GG,D4rs1048990GG,1.324503311
40,D5,rs13376333,CC,D5rs13376333CC,0.894454383
41,D5,rs1805127,CT,D5rs1805127CT,0.841750842
42,D5,rs2106261,CT,D5rs2106261CT,1.187506323
43,D5,rs699,GG,D5rs699GG,0.993048659
44,D6,rs10204475,GT,D6rs10204475GT,0.844025475
45,D6,rs699,GG,D6rs699GG,0.868960723
46,D6,rs351855,AG,D6rs351855AG,0.886075949
47,D6,rs9471058,CC,D6rs9471058CC,0.638162093
48,D6,rs42524,CG,D6rs42524CG,1.960784314
49,D7,rs699,GG,D7rs699GG,1.213394431
50,D7,rs5186,AA,D7rs5186AA,0.916422287
51,D7,rs11191548,CT,D7rs11191548CT,1.130125928
52,D7,rs4961,GT,D7rs4961GT,1.053740780
53,D7,rs3865418,CT,D7rs3865418CT,1.107011070
54,D7,rs3754777,CT,D7rs3754777CT,1.164923619
55,D7,rs16998073,AA,D7rs16998073AA,0.815288286
56,D7,rs1799983,GG,D7rs1799983GG,0.935611235
57,D7,rs3781719,AA,D7rs3781719AA,0.897022960
58,D8,rs1367117,GG,D8rs1367117GG,0.946494657
59,D8,rs2075291,CC,D8rs2075291CC,0.807291456
60,D8,rs4420638,AA,D8rs4420638AA,0.966230253
61,D8,rs326,AA,D8rs326AA,1.052040959
62,D8,rs1800588,CT,D8rs1800588CT,0.967462702
63,D8,rs3764261,CC,D8rs3764261CC,1.065444956
64,D8,rs4846914,AA,D8rs4846914AA,0.559471859
65,D8,rs780094,CT,D8rs780094CT,0.970500289
66,D8,rs12654264,AT,D8rs12654264AT,0.988069970
67,D8,rs17145738,CC,D8rs17145738CC,1.042567258
68,D10,rs26307,TT,D10rs26307TT,0.752415086
69,D10,rs2227982,AA,D10rs2227982AA,1.270903010
70,D10,rs27044,CG,D10rs27044CG,1.093560146
71,D10,rs10865331,GG,D10rs10865331GG,0.709219858
72,D11,rs231735,GG,D11rs231735GG,0.775013563
73,D11,rs660895,AA,D11rs660895AA,0.843028157
74,D11,rs2240335,AA,D11rs2240335AA,0.702543206
75,D11,rs7528684,GG,D11rs7528684GG,1.505338701
76,D11,rs3766379,CT,D11rs3766379CT,1.062880325
77,D11,rs6682654,AG,D11rs6682654AG,1.050650776
78,D11,rs3027898,CC,D11rs3027898CC,0.886996629
79,D11,rs805297,CC,D11rs805297CC,0.874967189
80,D12,rs2004640,GG,D12rs2004640GG,0.738916256
81,D12,rs3748079,CT,D12rs3748079CT,0.856223029
82,D12,rs3130342,CC,D12rs3130342CC,1.003344482
83,D12,rs7574865,GG,D12rs7574865GG,0.708441075
84,D12,rs3765456,GG,D12rs3765456GG,0.903995661
85,D12,rs10865035,AG,D12rs10865035AG,1.053917058
86,D12,rs2230926,GG,D12rs2230926GG,1.781902552
87,D12,rs9888739,CC,D12rs9888739CC,0.938350380
88,D13,rs1024161,CC,D13rs1024161CC,0.799488327
89,D13,rs179247,GG,D13rs179247GG,1.113576280
90,D13,rs12101261,CC,D13rs12101261CC,0.809618265
91,D13,rs1800630,CA,D13rs1800630CA,1.186066456
92,D13,rs2228570,GG,D13rs2228570GG,1.202988965
93,D15,rs7412,CC,D15rs7412CC,1.000000000
94,D15,rs429358,TT,D15rs429358TT,1.000000000
95,D15,rs7101429,AA,D15rs7101429AA,0.877192982
96,D15,rs610932,GT,D15rs610932GT,1.039501040
97,D15,rs10845990,GT,D15rs10845990GT,1.150832517
98,D15,rs334558,GG,D15rs334558GG,0.660458358
99,D16,rs242562,AG,D16rs242562AG,1.043046358
100,D16,rs11248051,CC,D16rs11248051CC,0.908719160
101,D16,rs3129882,GG,D16rs3129882GG,1.012924922
102,D16,rs1801133,GG,D16rs1801133GG,0.884564352
103,D16,rs2736990,AA,D16rs2736990AA,0.783244827
104,D16,rs356220,CC,D16rs356220CC,0.909471233
105,D16,rs1799964,CT,D16rs1799964CT,0.617283951
106,D16,rs34778348,GG,D16rs34778348GG,0.889442320
107,D16,rs334558,GG,D16rs334558GG,1.260557166
108,D17,rs13182402,GG,D17rs13182402GG,1.468716342
109,D17,rs1801133,GG,D17rs1801133GG,1.158351832
110,D17,rs2077647,CT,D17rs2077647CT,1.087866109
111,D17,rs3020314,CT,D17rs3020314CT,1.154857508
112,D17,rs1107748,TT,D17rs1107748TT,1.125315088
113,D17,rs1544410,CC,D17rs1544410CC,1.025535842
114,D17,rs4454537,TT,D17rs4454537TT,0.732922897
115,D18,rs1800629,GG,D18rs1800629GG,0.870928410
116,D18,rs2830585,CC,D18rs2830585CC,1.070663812
117,D18,rs7639618,CT,D18rs7639618CT,0.912159081
118,D18,rs143383,AG,D18rs143383AG,1.228217091
119,D18,rs10980705,CC,D18rs10980705CC,0.814000814
120,D18,rs12901499,AA,D18rs12901499AA,0.670690812
121,D18,rs3775296,CC,D18rs3775296CC,1.083891118
122,D18,rs1143627,GA,D18rs1143627GA,1.132142783
123,D18,rs16944,GA,D18rs16944GA,1.123465228
124,D19,rs1052133,CC,D19rs1052133CC,0.430463576
125,D19,rs25487,CC,D19rs25487CC,0.758909599
126,D19,rs477558,GG,D19rs477558GG,0.765550239
127,D19,rs2725338,AG,D19rs2725338AG,1.186328401
128,D20,rs11200638,GG,D20rs11200638GG,0.697107006
129,D20,rs800292,GG,D20rs800292GG,1.058677000
130,D20,rs1410996,GG,D20rs1410996GG,1.101534418
131,D20,rs2241394,GG,D20rs2241394GG,0.545206724
132,D20,rs1695,AA,D20rs1695AA,0.839983200
133,D20,rs10490924,GG,D20rs10490924GG,0.597100480
134,D20,rs833061,CT,D20rs833061CT,1.262477980
135,D21,rs1042522,CG,D21rs1042522CG,1.042810099
136,D21,rs1800629,GG,D21rs1800629GG,1.010000000
137,D21,rs10483727,TT,D21rs10483727TT,1.133272892
138,D21,rs523096,AA,D21rs523096AA,0.943841435
139,D21,rs1063192,AA,D21rs1063192AA,1.102159130
140,D21,rs5745718,TG,D21rs5745718TG,1.327433628
141,D22,rs1501299,TT,D22rs1501299TT,1.661987949
142,D22,rs1695,AA,D22rs1695AA,0.850435221
143,D22,rs1051740,CT,D22rs1051740CT,0.897666068
144,D22,rs2234922,AA,D22rs2234922AA,1.055204055
145,D22,rs6495309,CC,D22rs6495309CC,1.199386780
146,D23,rs20417,CC,D23rs20417CC,2.066715011
147,D23,rs755622,GG,D23rs755622GG,0.628930818
148,D23,rs2910164,CG,D23rs2910164CG,0.874737579
149,D23,rs2077647,CT,D23rs2077647CT,0.859475720
150,D23,rs886277,CC,D23rs886277CC,1.308501244
151,D23,rs430397,CC,D23rs430397CC,0.817113628
152,D23,rs3077,GG,D23rs3077GG,1.442918158
153,D23,rs4073,AT,D23rs4073AT,0.718864195
154,D23,rs671,AG,D23rs671AG,0.547670607
155,D24,rs738409,CC,D24rs738409CC,0.619962802
156,D24,rs1800804,TT,D24rs1800804TT,0.829820427
157,D24,rs1057613,AG,D24rs1057613AG,0.762515195
158,D24,rs780094,CT,D24rs780094CT,1.065956029
159,D24,rs1801282,CC,D24rs1801282CC,1.047211799
160,D24,rs20417,CC,D24rs20417CC,1.785714286
161,D24,rs1545224,GG,D24rs1545224GG,0.740521327
162,D24,rs1800588,CT,D24rs1800588CT,1.095890411
163,D24,rs3772622,CC,D24rs3772622CC,0.548395942
164,D25,rs11887534,GG,D25rs11887534GG,0.961261175
165,D25,rs440446,CG,D25rs440446CG,1.069773780
166,D25,rs3758650,AG,D25rs3758650AG,1.359276420
167,D25,rs4073,AT,D25rs4073AT,0.866015093
168,D25,rs2227307,GT,D25rs2227307GT,0.866015093
169,D25,rs2227306,CT,D25rs2227306CT,0.762888806
170,D25,rs1126579,CT,D25rs1126579CT,1.014330672
171,D25,rs486907,CC,D25rs486907CC,0.855490538
172,D25,rs2297518,GG,D25rs2297518GG,0.885206430
173,D26,rs4236,TT,D26rs4236TT,0.927462250
174,D26,rs1000597,TT,D26rs1000597TT,0.941034408
175,D26,rs4142110,CC,D26rs4142110CC,0.868513334
176,D26,rs12669187,GG,D26rs12669187GG,0.866639067
177,D26,rs7981733,CC,D26rs7981733CC,0.724654747
178,D26,rs549908,TT,D26rs549908TT,0.746268657
179,D27,rs2294008,CC,D27rs2294008CC,1.021359741
180,D27,rs1800796,CC,D27rs1800796CC,1.285347044
181,D27,rs16944,GA,D27rs16944GA,1.001410756
182,D27,rs1143627,GA,D27rs1143627GA,0.954224577
183,D27,rs4073,AT,D27rs4073AT,0.770712909
184,D27,rs2275913,GG,D27rs2275913GG,0.664010624
185,D28,rs3025039,CT,D28rs3025039CT,1.243781095
186,D28,rs1205,CT,D28rs1205CT,0.933972224
187,D28,rs1130864,GG,D28rs1130864GG,1.039284972
188,D28,rs3808607,GT,D28rs3808607GT,0.999561168
189,D28,rs34612342,TT,D28rs34612342TT,0.999000000
190,D28,rs36053993,GG,D28rs36053993GG,0.999000000
191,D28,rs1801166,GG,D28rs1801166GG,0.999000000
192,D32,rs1042522,CG,D32rs1042522CG,1.132075472
193,D32,rs17561,CC,D32rs17561CC,0.781328867
194,D32,rs3783550,GT,D32rs3783550GT,1.062317964
195,D32,rs3783525,TT,D32rs3783525TT,1.222294654
196,D32,rs10965235,CC,D32rs10965235CC,1.111845097
197,D32,rs16826658,GG,D32rs16826658GG,1.195973556
198,D32,rs505444,CC,D32rs505444CC,1.027891490
199,D32,rs726160,GG,D32rs726160GG,0.709622481
200,D32,rs1864649,TT,D32rs1864649TT,0.651648344
201,D33,rs9340799,GG,D33rs9340799GG,5.067961165
202,D33,rs991964,CT,D33rs991964CT,1.034719874
203,D33,rs25487,CC,D33rs25487CC,0.683060109
204,D33,rs4957014,TG,D33rs4957014TG,0.872401058
205,D33,rs3756712,AA,D33rs3756712AA,1.015305463
206,D33,rs1048943,CT,D33rs1048943CT,1.483966708
207,D34,rs13429458,AC,D34rs13429458AC,0.780247403
208,D34,rs12478601,CT,D34rs12478601CT,0.881177913
209,D34,rs13405728,AG,D34rs13405728AG,0.827160914
210,D34,rs705702,GG,D34rs705702GG,1.382445386
211,D34,rs1894116,GG,D34rs1894116GG,1.451734399
212,D34,rs2272046,AA,D34rs2272046AA,1.055676521
213,D34,rs3802457,GG,D34rs3802457GG,1.051243453
214,D34,rs4385527,GG,D34rs4385527GG,1.066432309
215,D34,rs2268361,CT,D34rs2268361CT,0.981978559
216,D34,rs2349415,CT,D34rs2349415CT,0.900944622
217,D35,rs672607,GA,D35rs672607GA,0.899803979
218,D35,rs6265,TT,D35rs6265TT,1.306165099
219,D35,rs4570625,TT,D35rs4570625TT,0.810095520
220,D35,rs1800532,GT,D35rs1800532GT,1.022586794
221,D35,rs3748989,CT,D35rs3748989CT,0.894643895
222,D35,rs231779,CT,D35rs231779CT,1.083330429
223,D35,rs4815787,GG,D35rs4815787GG,0.769532189
224,D36,rs1800532,GT,D36rs1800532GT,1.024165282
225,D36,rs6265,TT,D36rs6265TT,1.184385067
226,D36,rs2494732,CT,D36rs2494732CT,0.842696629
227,D36,rs2498804,AC,D36rs2498804AC,1.074113856
228,D36,rs3803300,TT,D36rs3803300TT,1.042752868
229,D36,rs4680,GG,D36rs4680GG,0.781816771
230,D36,rs878567,GG,D36rs878567GG,0.858080960
231,D36,rs2433322,AA,D36rs2433322AA,0.840461568
232,D36,rs231779,CT,D36rs231779CT,1.079411115
233,D36,rs1387923,AG,D36rs1387923AG,0.880742207
234,D36,rs17721321,GG,D36rs17721321GG,0.848536275
235,D36,rs3746682,CC,D36rs3746682CC,0.596658711
236,D37,rs672607,GA,D37rs672607GA,0.892217324
237,D37,rs10761482,TT,D37rs10761482TT,0.635206982
238,D37,rs2391191,AA,D37rs2391191AA,0.800897710
239,D37,rs17039584,AA,D37rs17039584AA,0.827687813
240,D37,rs2024513,AG,D37rs2024513AG,0.916984672
241,D37,rs13382584,TT,D37rs13382584TT,1.095284494
242,D37,rs2312147,CT,D37rs2312147CT,0.970154047
243,D40,rs1295686,TT,D40rs1295686TT,1.290220654
244,D40,rs2280091,AA,D40rs2280091AA,0.860003474
245,D40,rs2243250,CT,D40rs2243250CT,1.011431753
246,D40,rs324981,AT,D40rs324981AT,1.101806963
247,D40,rs324987,CT,D40rs324987CT,0.917759237
248,D40,rs2787094,GG,D40rs2787094GG,1.259249923
249,D40,rs3741240,GG,D40rs3741240GG,0.587116664
250,D41,rs103294,TT,D41rs103294TT,0.848413890
251,D41,rs339331,TT,D41rs339331TT,1.137989395
252,D41,rs12621278,AG,D41rs12621278AG,1.092502449
253,D41,rs743572,AG,D41rs743572AG,0.912825194
254,D41,rs1800470,AG,D41rs1800470AG,0.941855810
255,D41,rs1544410,CC,D41rs1544410CC,1.054886635
256,D45,rs2275913,GG,D45rs2275913GG,1.075522060
257,D45,rs763780,TT,D45rs763780TT,1.006341329
258,D45,rs2294008,CC,D45rs2294008CC,0.868206286
259,D45,rs1042522,CG,D45rs1042522CG,1.080391323
260,D45,rs861539,CC,D45rs861539CC,0.954562810
261,D45,rs11536889,CG,D45rs11536889CG,1.127493495
262,D45,rs884225,CT,D45rs884225CT,0.927385700
263,D45,rs1052133,CC,D45rs1052133CC,1.060984308
264,D45,rs2910164,CG,D45rs2910164CG,1.082999636
265,D45,rs9344,AA,D45rs9344AA,1.162615129
266,D46,rs2019720,AG,D46rs2019720AG,0.889125989
267,D46,rs1801133,GG,D46rs1801133GG,0.981932443
268,D46,rs1800566,AG,D46rs1800566AG,1.204478625
269,D46,rs25487,CC,D46rs25487CC,1.082543978
270,D46,rs4444903,GG,D46rs4444903GG,1.008952679
271,D46,rs6983267,GG,D46rs6983267GG,1.166593018
272,D46,rs4939827,CT,D46rs4939827CT,1.036181417
273,D46,rs462779,GG,D46rs462779GG,0.717772036
274,D46,rs373572,CC,D46rs373572CC,0.796178344
275,D46,rs696,CC,D46rs696CC,1.209889532
276,D46,rs2232596,AG,D46rs2232596AG,1.438194065
277,D46,rs671,AG,D46rs671AG,0.928160386
278,D46,rs1042522,CG,D46rs1042522CG,0.964134207
279,D47,rs2239815,CC,D47rs2239815CC,0.875043752
280,D47,rs3805322,AG,D47rs3805322AG,0.964170932
281,D47,rs17028973,CC,D47rs17028973CC,0.859845228
282,D47,rs1801133,GG,D47rs1801133GG,1.239925604
283,D47,rs2029166,CT,D47rs2029166CT,0.999491784
284,D47,rs4444903,GG,D47rs4444903GG,1.129745281
285,D47,rs662,TT,D47rs662TT,1.280529172
286,D47,rs1042522,CG,D47rs1042522CG,1.039861352
287,D47,rs13016963,AG,D47rs13016963AG,1.058765594
288,D47,rs1799782,AG,D47rs1799782AG,0.971156648
289,D47,rs2274223,AA,D47rs2274223AA,0.921574048
290,D48,rs402710,CT,D48rs402710CT,0.876893292
291,D48,rs1052133,CC,D48rs1052133CC,0.192307692
292,D48,rs11614913,CT,D48rs11614913CT,1.001151768
293,D48,rs6495309,CC,D48rs6495309CC,1.197395140
294,D48,rs1760944,TG,D48rs1760944TG,0.900900901
295,D48,rs3866958,CC,D48rs3866958CC,1.070555509
296,D48,rs2736100,AC,D48rs2736100AC,1.054867257
297,D48,rs4488809,CT,D48rs4488809CT,0.960219479
298,D48,rs696,CC,D48rs696CC,0.906043309
299,D48,rs10889677,AC,D48rs10889677AC,0.838450638
300,D48,rs2236141,CT,D48rs2236141CT,0.714609800
301,D48,rs1801133,GG,D48rs1801133GG,0.942063118
302,D48,rs25487,CC,D48rs25487CC,0.949577438
303,D48,rs1048943,CT,D48rs1048943CT,1.079102937
304,D48,rs1042522,CG,D48rs1042522CG,1.032863850
305,D48,rs243865,CC,D48rs243865CC,1.055743243
306,D49,rs1946518,GT,D49rs1946518GT,1.045627376
307,D49,rs1042522,CG,D49rs1042522CG,1.022229434
308,D49,rs243865,CC,D49rs243865CC,1.130454443
309,D49,rs10889677,AC,D49rs10889677AC,0.888281517
310,D49,rs1800469,GG,D49rs1800469GG,1.507613448
311,D49,rs2860580,AG,D49rs2860580AG,0.788506297
312,D49,rs9510787,AG,D49rs9510787AG,1.056338028
313,D49,rs6774494,AG,D49rs6774494AG,0.962313953
314,D49,rs1805794,GG,D49rs1805794GG,0.477691793
315,D49,rs25487,CC,D49rs25487CC,0.985221675
316,D49,rs231775,AG,D49rs231775AG,0.923361034
317,D50,rs20417,CC,D50rs20417CC,2.200921399
318,D50,rs4073,AT,D50rs4073AT,0.955414013
319,D50,rs9387033,CT,D50rs9387033CT,0.897562122
320,D50,rs9788973,CT,D50rs9788973CT,1.035545176
321,D50,rs12050732,AA,D50rs12050732AA,1.103067056
322,D50,rs7720677,CT,D50rs7720677CT,0.999532572
323,D50,rs7187863,GG,D50rs7187863GG,0.483439277
324,D50,rs1052176,GT,D50rs1052176GT,0.919761693
325,D50,rs13447720,CT,D50rs13447720CT,1.083619288
326,D50,rs17102087,CT,D50rs17102087CT,0.840583365
327,D50,rs2274223,AA,D50rs2274223AA,0.861082877
328,D50,rs1042522,CG,D50rs1042522CG,1.057243883
329,D50,rs2070803,AG,D50rs2070803AG,1.254448289
330,D50,rs2294008,CC,D50rs2294008CC,0.735050038
331,D50,rs13361707,CT,D50rs13361707CT,0.962908247
332,D50,rs1799782,AG,D50rs1799782AG,0.983554961
333,D50,rs1800629,GG,D50rs1800629GG,0.977727371
334,D50,rs1800872,GG,D50rs1800872GG,1.103168299
335,D51,rs1052133,CC,D51rs1052133CC,0.690607735
336,D51,rs9288516,AT,D51rs9288516AT,1.041566967
337,D51,rs1800872,GG,D51rs1800872GG,1.430444230
338,D51,rs9275572,GG,D51rs9275572GG,0.840343196
339,D51,rs2596542,CC,D51rs2596542CC,0.823906877
340,D51,rs1051740,CT,D51rs1051740CT,0.955552195
341,D51,rs4444903,GG,D51rs4444903GG,1.139117292
342,D51,rs1801270,CC,D51rs1801270CC,0.719424460
343,D51,rs34330,CT,D51rs34330CT,1.083307904
344,D51,rs861539,CC,D51rs861539CC,0.976619724
345,D51,rs1800629,GG,D51rs1800629GG,0.914913083
346,D51,rs1042522,CG,D51rs1042522CG,0.995587736
347,D51,rs1801131,GT,D51rs1801131GT,1.024926205
348,D52,rs1760944,TG,D52rs1760944TG,0.862592638
349,D52,rs693,GG,D52rs693GG,0.921234454
350,D52,rs3784099,GG,D52rs3784099GG,0.924214418
351,D52,rs9934948,CC,D52rs9934948CC,1.304789437
352,D52,rs1219648,AA,D52rs1219648AA,0.818062827
353,D52,rs2981582,GG,D52rs2981582GG,0.879120879
354,D52,rs16886165,GG,D52rs16886165GG,1.167103954
355,D52,rs2275913,GG,D52rs2275913GG,0.835003340
356,D52,rs1800449,CC,D52rs1800449CC,0.773754256
357,D52,rs1801133,GG,D52rs1801133GG,0.979623824
358,D52,rs10889677,AC,D52rs10889677AC,0.950000000
359,D52,rs1695,AA,D52rs1695AA,0.981450584
360,D52,rs1045642,AG,D52rs1045642AG,0.951746455
361,D52,rs9344,AA,D52rs9344AA,1.065985376
362,D52,rs3025039,CT,D52rs3025039CT,0.883893496
363,D53,rs6166,CT,D53rs6166CT,1.100000000
364,D53,rs1946518,GT,D53rs1946518GT,0.951683748
365,D53,rs1801133,GG,D53rs1801133GG,0.860585198
366,D53,rs1800449,CC,D53rs1800449CC,0.773754256
367,D53,rs1048943,CT,D53rs1048943CT,1.229659083
368,D53,rs1052133,CC,D53rs1052133CC,0.808015514
369,D53,rs10889677,AC,D53rs10889677AC,1.040118871
370,D53,rs2276109,TT,D53rs2276109TT,0.913075237
371,D53,rs2285053,CC,D53rs2285053CC,1.294657489
372,D53,rs763110,CC,D53rs763110CC,1.186943620
373,D54,rs10380,CC,D54rs10380CC,0.881599044
374,D54,rs763110,CC,D54rs763110CC,1.140276859
375,D54,rs25487,CC,D54rs25487CC,0.867648845
376,D54,rs12413624,AT,D54rs12413624AT,0.947956422
377,D54,rs6464375,CC,D54rs6464375CC,0.994698258
378,D54,rs231775,AG,D54rs231775AG,1.038585007
379,D54,rs1801133,GG,D54rs1801133GG,0.719683339
380,D54,rs20417,CC,D54rs20417CC,1.415094340
381,D55,rs861539,CC,D55rs861539CC,0.900998306
382,D55,rs8067378,AG,D55rs8067378AG,1.036996521
383,D55,rs727088,AA,D55rs727088AA,0.824683285
384,D55,rs2275913,GG,D55rs2275913GG,0.747636273
385,D55,rs3077,GG,D55rs3077GG,0.711820679
386,D55,rs1799782,AG,D55rs1799782AG,1.007253921
387,D55,rs1126497,CT,D55rs1126497CT,1.370525637
388,D55,rs11730582,CT,D55rs11730582CT,1.090425313
389,D55,rs1136410,GG,D55rs1136410GG,1.928291654
390,D55,rs3212227,GT,D55rs3212227GT,1.017971105
391,D55,rs187084,AG,D55rs187084AG,1.019179688
392,D55,rs1799864,AG,D55rs1799864AG,0.913292053
393,D55,rs2736100,AC,D55rs2736100AC,0.962334238
394,D55,rs1800629,GG,D55rs1800629GG,0.989000000
395,D56,rs1799782,AG,D56rs1799782AG,1.143013119
396,D56,rs1799864,AG,D56rs1799864AG,1.285120242
397,D56,rs7664413,CC,D56rs7664413CC,0.797279682
398,D56,rs5751129,TT,D56rs5751129TT,0.811359026
399,D56,rs1695,AA,D56rs1695AA,0.788941190
400,D56,rs1042522,CG,D56rs1042522CG,1.039763945
401,D56,rs1801133,GG,D56rs1801133GG,0.854408749
402,D56,rs1048943,CT,D56rs1048943CT,0.990000000
403,D57,rs2408876,CC,D57rs2408876CC,1.469395357
404,D57,rs339331,TT,D57rs339331TT,1.137989395
405,D57,rs4680,GG,D57rs4680GG,1.411026914
406,D57,rs16260,AC,D57rs16260AC,1.215050172
407,D57,rs662,TT,D57rs662TT,1.395361817
408,D57,rs351855,AG,D57rs351855AG,1.013548633
409,D57,rs1800470,AG,D57rs1800470AG,1.001636386
410,D58,rs1800470,AG,D58rs1800470AG,0.907859684
411,D58,rs10453441,AG,D58rs10453441AG,1.060645344
412,D58,rs524952,AT,D58rs524952AT,1.178404673
413,D58,rs2839471,CT,D58rs2839471CT,1.237212790
414,D58,rs2288255,GG,D58rs2288255GG,1.123016348
415,D59,rs1815739,TT,D59rs1815739TT,1.330000000
416,D59,rs1800012,CC,D59rs1800012CC,2.044750711
417,D59,rs2228570,GG,D59rs2228570GG,0.769487440
418,D59,rs1544410,CC,D59rs1544410CC,0.961647245
419,D60,rs7775228,TT,D60rs7775228TT,1.170000000
420,D60,rs2155219,TT,D60rs2155219TT,1.180000000
421,D60,rs17513503,CC,D60rs17513503CC,0.967302778
422,D60,rs6898653,AA,D60rs6898653AA,0.935453695
423,D60,rs887864,AA,D60rs887864AA,1.160000000
424,D60,rs2069772,TT,D60rs2069772TT,0.963391137
425,D60,rs216518,CC,D60rs216518CC,0.979431929
426,D60,rs6586513,AA,D60rs6586513AA,0.916422287
427,D60,rs1898671,CC,D60rs1898671CC,0.977995110
428,D61,rs1800795,GG,D61rs1800795GG,0.951683748
429,D61,rs5744168,GG,D61rs5744168GG,0.980000000
430,D61,rs4986790,AA,D61rs4986790AA,0.986387848
431,D62,rs10791824,AG,D62rs10791824AG,0.970873786
432,D62,rs2212434,TT,D62rs2212434TT,1.097409781
433,D62,rs4713555,GT,D62rs4713555GT,1.276595745
434,D62,rs2944542,CG,D62rs2944542CG,1.237113402
435,D62,rs4312054,TT,D62rs4312054TT,1.334808000
436,D62,rs1249910,GG,D62rs1249910GG,0.958588957
437,D63,rs9988642,TT,D63rs9988642TT,1.043080054
438,D63,rs6677595,CT,D63rs6677595CT,1.037735849
439,D63,rs17716942,TT,D63rs17716942TT,1.243000000
440,D63,rs2233278,GG,D63rs2233278GG,0.956000000
441,D63,rs12188300,AA,D63rs12188300AA,0.979431929
442,D63,rs4406273,GG,D63rs4406273GG,0.937910336
443,D63,rs33980500,CC,D63rs33980500CC,0.950570342
444,D63,rs582757,TT,D63rs582757TT,0.990105201
445,D63,rs2066819,CC,D63rs2066819CC,1.301000000
446,D63,rs34536443,GG,D63rs34536443GG,1.322447389
447,D64,rs1800562,GG,D64rs1800562GG,0.974279034
448,D64,rs1801133,GG,D64rs1801133GG,0.999000999
449,D64,rs1801131,GT,D64rs1801131GT,1.198999583
450,D65,rs1024611,GG,D65rs1024611GG,1.028481013
451,D65,rs1143634,GG,D65rs1143634GG,0.873896705
452,D65,rs4073,AT,D65rs4073AT,0.909090909
453,D65,rs1800896,TT,D65rs1800896TT,1.054545455
454,D66,rs4880,AA,D66rs4880AA,0.848484848
455,D66,rs1801282,CC,D66rs1801282CC,0.972568579
456,D66,rs1801133,GG,D66rs1801133GG,0.919117647
457,D67,rs2243248,GT,D67rs2243248GT,0.814163255
458,D67,rs4073,AT,D67rs4073AT,1.287000000
459,D67,rs2227307,GT,D67rs2227307GT,1.541000000
460,D67,rs1800469,GG,D67rs1800469GG,1.153402537
461,D68,rs1800629,GG,D68rs1800629GG,0.981161695
462,D68,rs1800896,TT,D68rs1800896TT,1.111235955
463,D68,rs1045642,AG,D68rs1045642AG,0.862068966
464,D68,rs13181,TT,D68rs13181TT,0.976562500
465,D68,rs1042522,CG,D68rs1042522CG,0.836120401
466,D52,rs799917,GG,D52rs799917GG,0.040000000
467,D52,rs144848,AC,D52rs144848AC,1.109700000
468,D15,rs7412rs429358,CCTT,D15rs7412rs429358CCTT,0.620330863668242
