Allele_risk,risk_factor
D10rs10865331AA,1.2411
D10rs10865331AG,1.0638
D10rs10865331GA,1.0638
D10rs10865331GG,0.7092
D10rs17095830AA,0.9496
D10rs17095830AG,1.225
D10rs17095830GA,1.225
D10rs17095830GG,1.5803
D10rs17375018AA,0.7911
D10rs17375018AG,1.0285
D10rs17375018GA,1.0285
D10rs17375018GG,1.0285
D10rs2227982AA,1.2709
D10rs2227982AG,1.0702
D10rs2227982GA,1.0702
D10rs2227982GG,0.6689
D10rs26307CC,1.1868
D10rs26307CT,0.7524
D10rs26307TC,0.7524
D10rs26307TT,0.7524
D10rs27044CC,0.7594
D10rs27044CG,1.0936
D10rs27044GC,1.0936
D10rs27044GG,1.0936
D10rs30187CC,0.7782
D10rs30187CT,1.0739
D10rs30187TC,1.0739
D10rs30187TT,1.0739
D10rs4552569CC,1.3143
D10rs4552569CT,1.0862
D10rs4552569TC,1.0862
D10rs4552569TT,0.8977
D11rs10818488AA,1.1678
D11rs10818488AG,1.001
D11rs10818488GA,1.001
D11rs10818488GG,0.8342
D11rs2227984AA,1.2181
D11rs2227984AT,1.0017
D11rs2227984TA,1.0017
D11rs2227984TT,0.8014
D11rs2240335AA,0.7025
D11rs2240335AC,1.0538
D11rs2240335CA,1.0538
D11rs2240335CC,1.384
D11rs231735GG,0.775
D11rs231735GT,0.9068
D11rs231735TG,0.9068
D11rs231735TT,1.0618
D11rs3027898AA,1.6942
D11rs3027898AC,0.887
D11rs3027898CA,0.887
D11rs3027898CC,0.887
D11rs3766379CC,0.8114
D11rs3766379CT,1.0629
D11rs3766379TC,1.0629
D11rs3766379TT,1.0629
D11rs3890745AA,1.0946
D11rs3890745AG,0.9773
D11rs3890745GA,0.9773
D11rs3890745GG,0.9773
D11rs6457617CC,0.508
D11rs6457617CT,0.9869
D11rs6457617TC,0.9869
D11rs6457617TT,1.4513
D11rs660895AA,0.843
D11rs660895AG,0.843
D11rs660895GA,0.843
D11rs660895GG,5.2268
D11rs6682654AA,0.7841
D11rs6682654AG,1.0507
D11rs6682654GA,1.0507
D11rs6682654GG,1.0507
D11rs7021206AA,0.8957
D11rs7021206AG,1.0839
D11rs7021206GA,1.0839
D11rs7021206GG,1.0839
D11rs7528684AA,0.7002
D11rs7528684AG,1.0502
D11rs7528684GA,1.0502
D11rs7528684GG,1.5053
D11rs805297AA,1.3125
D11rs805297AC,1.05
D11rs805297CA,1.05
D11rs805297CC,0.875
D12rs1050501CC,1.8569
D12rs1050501CT,0.9825
D12rs1050501TC,0.9825
D12rs1050501TT,0.9825
D12rs10865035AA,1.2128
D12rs10865035AG,1.0539
D12rs10865035GA,1.0539
D12rs10865035GG,0.8364
D12rs13277113AA,1.1104
D12rs13277113AG,0.855
D12rs13277113GA,0.855
D12rs13277113GG,0.855
D12rs2004640GG,0.7389
D12rs2004640GT,1.3684
D12rs2004640TG,1.3684
D12rs2004640TT,1.8883
D12rs2187668AA,1.3768
D12rs2187668AG,1.3768
D12rs2187668GA,1.3768
D12rs2187668GG,0.9179
D12rs2205960GG,0.8888
D12rs2205960GT,1.1555
D12rs2205960TG,1.1555
D12rs2205960TT,1.1555
D12rs2230926GG,1.7819
D12rs2230926GT,1.3921
D12rs2230926TG,1.3921
D12rs2230926TT,0.9281
D12rs2298804AA,1.0776
D12rs2298804AG,0.4849
D12rs2298804GA,0.4849
D12rs2298804GG,0.2802
D12rs3095870AA,1.2093
D12rs3095870AG,1.2093
D12rs3095870GA,1.2093
D12rs3095870GG,0.695
D12rs3130342AA,0.6689
D12rs3130342AC,1.0033
D12rs3130342CA,1.0033
D12rs3130342CC,1.0033
D12rs3748079CC,1.0731
D12rs3748079CT,0.8562
D12rs3748079TC,0.8562
D12rs3748079TT,0.5708
D12rs3765456AA,1.2114
D12rs3765456AG,1.0667
D12rs3765456GA,1.0667
D12rs3765456GG,0.904
D12rs7574865GG,0.7084
D12rs7574865GT,1.1689
D12rs7574865TG,1.1689
D12rs7574865TT,1.346
D12rs9888739CC,0.9384
D12rs9888739CT,1.2668
D12rs9888739TC,1.2668
D12rs9888739TT,1.5483
D13rs1024161CC,0.7995
D13rs1024161CT,0.9994
D13rs1024161TC,0.9994
D13rs1024161TT,1.0393
D13rs12101261CC,0.8096
D13rs12101261CT,0.9715
D13rs12101261TC,0.9715
D13rs12101261TT,1.093
D13rs179247AA,0.8501
D13rs179247AG,1.1136
D13rs179247GA,1.1136
D13rs179247GG,1.1136
D13rs1800630AA,1.405
D13rs1800630AC,1.1861
D13rs1800630CA,1.1861
D13rs1800630CC,0.9124
D13rs2228570AA,0.7711
D13rs2228570AG,0.9639
D13rs2228570GA,0.9639
D13rs2228570GG,1.203
D13rs231775AA,0.871
D13rs231775AG,1.1149
D13rs231775GA,1.1149
D13rs231775GG,1.1149
D14rs231775AA,0.5849
D14rs231775AG,1.0529
D14rs231775GA,1.0529
D14rs231775GG,1.0529
D14rs4938534AA,0.9112
D14rs4938534AG,0.9112
D14rs4938534GA,0.9112
D14rs4938534GG,1.2665
D14rs4979462CC,0.9675
D14rs4979462CT,0.9675
D14rs4979462TC,0.9675
D14rs4979462TT,1.5093
D14rs9303277CC,0.7728
D14rs9303277CT,1.1283
D14rs9303277TC,1.1283
D14rs9303277TT,1.1283
D15rs10845990GG,1.1508
D15rs10845990GT,1.1508
D15rs10845990TG,1.1508
D15rs10845990TT,0.6121
D15rs11136000CC,1.0471
D15rs11136000CT,0.8901
D15rs11136000TC,0.8901
D15rs11136000TT,0.8901
D15rs334558AA,1.1454
D15rs334558AG,1.1454
D15rs334558GA,1.3011
D15rs334558GG,0.6605
D15rs3754048CC,0.78
D15rs3754048CG,1.07
D15rs3754048GC,1.0715
D15rs3754048GG,1.3921
D15rs3865444GG,0.9808
D15rs3865444GT,0.9808
D15rs3865444TG,0.9808
D15rs3865444TT,1.4614
D15rs429358,#DIV/0!
D15rs610932GG,1.0395
D15rs610932GT,1.0395
D15rs610932TG,1.0395
D15rs610932TT,0.6445
D15rs6656401AA,1.667
D15rs6656401AG,1.667
D15rs6656401GA,1.667
D15rs6656401GG,0.9864
D15rs7101429AA,0.8772
D15rs7101429AG,0.8772
D15rs7101429GA,0.8772
D15rs7101429GG,1.7544
D15rs7412,#DIV/0!
D15rs7412rs429358CCCC,10.8419
D15rs7412rs429358CCCT,2.8517
D15rs7412rs429358CCTT,0.6203
D15rs7412rs429358CTCT,1.9443
D15rs7412rs429358CTTT,0.6203
D15rs7412rs429358TTTT,0.6203
D15rs7946CC,0.9412
D15rs7946CT,1.0635
D15rs7946TC,1.0635
D15rs7946TT,1.1106
D16rs11240572AA,0.8148
D16rs11240572AC,0.8148
D16rs11240572CA,0.8148
D16rs11240572CC,1.072
D16rs11248051CC,0.9087
D16rs11248051CT,1.2268
D16rs11248051TC,1.2268
D16rs11248051TT,1.454
D16rs11248060CC,0.9142
D16rs11248060CT,1.2342
D16rs11248060TC,1.2342
D16rs11248060TT,1.4628
D16rs11711441AA,0.8642
D16rs11711441AG,0.8642
D16rs11711441GA,0.8642
D16rs11711441GG,1.108
D16rs12456492AA,0.8995
D16rs12456492AG,1.0704
D16rs12456492GA,1.0704
D16rs12456492GG,1.1244
D16rs1564282CC,0.9595
D16rs1564282CT,1.2858
D16rs1564282TC,1.2858
D16rs1564282TT,1.2858
D16rs1721100CC,0.9439
D16rs1721100CG,0.9439
D16rs1721100GC,0.9439
D16rs1721100GG,1.1988
D16rs1799964CC,0.6173
D16rs1799964CT,0.6173
D16rs1799964TC,0.6173
D16rs1799964TT,1.2346
D16rs1801133AA,1.1411
D16rs1801133AG,1.1411
D16rs1801133GA,1.1411
D16rs1801133GG,0.8846
D16rs1994090GG,1.3661
D16rs1994090GT,1.3661
D16rs1994090TG,1.3661
D16rs1994090TT,0.9107
D16rs2066842CC,1
D16rs2066842CT,2
D16rs2066842TC,2
D16rs2066842TT,2
D16rs242562AA,1.043
D16rs242562AG,1.043
D16rs242562GA,1.043
D16rs242562GG,0.8278
D16rs2736990AA,0.7832
D16rs2736990AG,0.9869
D16rs2736990GA,0.9869
D16rs2736990GG,1.1749
D16rs3129882AA,0.709
D16rs3129882AG,0.8407
D16rs3129882GA,0.8407
D16rs3129882GG,1.0129
D16rs334558AA,0.7689
D16rs334558AG,0.7689
D16rs334558GA,0.7689
D16rs334558GG,1.2606
D16rs34778348AA,1.8678
D16rs34778348AG,1.8678
D16rs34778348GA,1.8678
D16rs34778348GG,0.8894
D16rs356220CC,0.9095
D16rs356220CT,0.9095
D16rs356220TC,0.9095
D16rs356220TT,1.2914
D16rs3758549CC,1.0283
D16rs3758549CT,0.9152
D16rs3758549TC,0.9152
D16rs3758549TT,0.9152
D16rs4538475AA,1.1816
D16rs4538475AG,0.9529
D16rs4538475GA,0.9529
D16rs4538475GG,0.9529
D16rs9347683AA,0.9117
D16rs9347683AC,0.9117
D16rs9347683CA,0.9117
D16rs9347683CC,1.3766
D17rs1107748CC,0.7202
D17rs1107748CT,0.9003
D17rs1107748TC,0.9003
D17rs1107748TT,1.1253
D17rs12218AA,1.1765
D17rs12218AG,0.7843
D17rs12218GA,0.7843
D17rs12218GG,0.7843
D17rs13182402AA,0.9791
D17rs13182402AG,1.2729
D17rs13182402GA,1.2729
D17rs13182402GG,1.4687
D17rs1373004GG,0.9755
D17rs1373004GT,1.0731
D17rs1373004TG,1.0731
D17rs1373004TT,1.1804
D17rs1544410CC,1.0255
D17rs1544410CT,0.7179
D17rs1544410TC,0.7179
D17rs1544410TT,0.6256
D17rs1801133AA,0.8462
D17rs1801133AG,0.99
D17rs1801133GA,0.99
D17rs1801133GG,1.1584
D17rs2077647CC,1.0879
D17rs2077647CT,1.0879
D17rs2077647TC,1.0879
D17rs2077647TT,0.8368
D17rs3020314CC,0.8884
D17rs3020314CT,1.1549
D17rs3020314TC,1.1549
D17rs3020314TT,1.4747
D17rs3130340CC,1.2568
D17rs3130340CT,1.2568
D17rs3130340TC,1.2568
D17rs3130340TT,0.8492
D17rs3736228CC,0.9372
D17rs3736228CT,1.0778
D17rs3736228TC,1.0778
D17rs3736228TT,1.2652
D17rs4454537CC,1.1727
D17rs4454537CT,1.1727
D17rs4454537TC,1.1727
D17rs4454537TT,0.7329
D17rs4729260CC,0.9174
D17rs4729260CG,1.3303
D17rs4729260GC,1.3303
D17rs4729260GG,1.3303
D17rs682429AA,1.0363
D17rs682429AG,1.0363
D17rs682429GA,1.0363
D17rs682429GG,0.8636
D17rs7529452CC,0.9261
D17rs7529452CT,0.9261
D17rs7529452TC,0.9261
D17rs7529452TT,1.4818
D17rs884205GG,0.908
D17rs884205GT,1.135
D17rs884205TG,1.135
D17rs884205TT,1.4528
D18rs10153674CC,0.8551
D18rs10153674CT,1.4109
D18rs10153674TC,1.4109
D18rs10153674TT,1.7102
D18rs10980705CC,0.814
D18rs10980705CT,1.221
D18rs10980705TC,1.221
D18rs10980705TT,2.035
D18rs1143627AA,1.1346
D18rs1143627AG,1.1321
D18rs1143627GA,1.1321
D18rs1143627GG,0.6067
D18rs12901499AA,0.6707
D18rs12901499AG,1.006
D18rs12901499GA,1.006
D18rs12901499GG,1.3414
D18rs143383AA,0.7975
D18rs143383AG,1.2282
D18rs143383GA,1.2282
D18rs143383GG,1.8902
D18rs16944AA,0.6102
D18rs16944AG,1.1235
D18rs16944GA,1.1235
D18rs16944GG,1.1229
D18rs179851AA,1.7009
D18rs179851AG,0.8023
D18rs179851GA,0.8023
D18rs179851GG,0.8023
D18rs1800629AA,2.0031
D18rs1800629AG,2.0031
D18rs1800629GA,2.0031
D18rs1800629GG,0.8709
D18rs2070600AA,1.8692
D18rs2070600AG,0.9346
D18rs2070600GA,0.9346
D18rs2070600GG,0.9346
D18rs2830585CC,1.0707
D18rs2830585CT,0.7495
D18rs2830585TC,0.7495
D18rs2830585TT,0.7495
D18rs3775296AA,0.5137
D18rs3775296AC,0.9195
D18rs3775296CA,0.9195
D18rs3775296CC,1.0839
D18rs4720262CC,0.946
D18rs4720262CT,1.2203
D18rs4720262TC,1.2203
D18rs4720262TT,1.2203
D18rs7639618CC,0.9122
D18rs7639618CT,0.9122
D18rs7639618TC,0.9122
D18rs7639618TT,1.3226
D18rs788748AA,0.7358
D18rs788748AG,0.7358
D18rs788748GA,0.7358
D18rs788748GG,1.0511
D18rs9340799AA,0.9326
D18rs9340799AG,1.1191
D18rs9340799GA,1.1191
D18rs9340799GG,1.2123
D19rs1052133CC,0.4305
D19rs1052133CG,0.9934
D19rs1052133GC,0.9934
D19rs1052133GG,1.3245
D19rs117788190AA,0.9662
D19rs117788190AG,1.4493
D19rs117788190GA,1.4493
D19rs117788190GG,1.9324
D19rs25487CC,0.7589
D19rs25487CT,1.275
D19rs25487TC,1.275
D19rs25487TT,1.4571
D19rs2725338AA,1.7676
D19rs2725338AG,1.1863
D19rs2725338GA,1.1863
D19rs2725338GG,0.7962
D19rs477558AA,1.1866
D19rs477558AG,0.7656
D19rs477558GA,0.7656
D19rs477558GG,0.7656
D1rs1042714CC,0.978
D1rs1042714CG,1.1932
D1rs1042714GC,1.1932
D1rs1042714GG,1.4557
D1rs10938397AA,0.8308
D1rs10938397AG,1.1548
D1rs10938397GA,1.1548
D1rs10938397GG,1.6051
D1rs17782313CC,1.2182
D1rs17782313CT,1.2182
D1rs17782313TC,1.2182
D1rs17782313TT,0.8892
D1rs1800006AA,0.996
D1rs1800006AG,1.0784
D1rs1800006GA,1.0784
D1rs1800006GG,1.0784
D1rs1801282CC,0.9346
D1rs1801282CG,1.8692
D1rs1801282GC,1.8692
D1rs1801282GG,1.8692
D1rs1822825AA,1.2727
D1rs1822825AG,0.9091
D1rs1822825GA,0.9091
D1rs1822825GG,0.9091
D1rs2167270AA,0.82
D1rs2167270AG,0.98
D1rs2167270GA,0.98
D1rs2167270GG,1.2119
D1rs2282440AA,1.4925
D1rs2282440AG,0.8991
D1rs2282440GA,0.8991
D1rs2282440GG,0.8991
D1rs2293855AA,0.8061
D1rs2293855AG,1.201
D1rs2293855GA,1.201
D1rs2293855GG,1.201
D1rs3115757CC,0.8237
D1rs3115757CG,0.8237
D1rs3115757GC,0.8237
D1rs3115757GG,1.7051
D1rs3764220AA,1.0169
D1rs3764220AG,1.0169
D1rs3764220GA,1.0169
D1rs3764220GG,0.2719
D1rs3791783CC,0.5086
D1rs3791783CT,1.0095
D1rs3791783TC,1.0095
D1rs3791783TT,1.012
D1rs4215AA,0.8569
D1rs4215AG,0.8569
D1rs4215GA,0.8569
D1rs4215GG,1.7138
D1rs5443CC,0.6365
D1rs5443CT,1.0821
D1rs5443TC,1.0821
D1rs5443TT,1.1458
D1rs6499640AA,1.1861
D1rs6499640AG,1.0686
D1rs6499640GA,1.0686
D1rs6499640GG,0.9627
D1rs662799AA,0.8141
D1rs662799AG,1.1967
D1rs662799GA,1.1967
D1rs662799GG,1.1967
D1rs712221AA,0.9074
D1rs712221AT,0.9074
D1rs712221TA,0.9074
D1rs712221TT,1.4519
D1rs74315350AA,1.2
D1rs74315350AC,0.95
D1rs74315350CA,0.95
D1rs74315350CC,0.95
D1rs7732671CC,1.2548
D1rs7732671CG,1.2548
D1rs7732671GC,1.2548
D1rs7732671GG,0.9653
D20rs10490924GG,0.5971
D20rs10490924GT,0.9673
D20rs10490924TG,0.9673
D20rs10490924TT,1.7913
D20rs11200638AA,1.3942
D20rs11200638AG,1.0457
D20rs11200638GA,1.0457
D20rs11200638GG,0.6971
D20rs1410996AA,0.6442
D20rs1410996AG,1.1015
D20rs1410996GA,1.1015
D20rs1410996GG,1.1015
D20rs1695AA,0.84
D20rs1695AG,1.26
D20rs1695GA,1.26
D20rs1695GG,1.68
D20rs2241394CC,1.1358
D20rs2241394CG,0.5452
D20rs2241394GC,0.5452
D20rs2241394GG,0.5452
D20rs800292AA,0.6919
D20rs800292AG,1.0587
D20rs800292GA,1.0587
D20rs800292GG,1.0587
D20rs833061CC,1.2992
D20rs833061CT,1.2625
D20rs833061TC,1.2625
D20rs833061TT,0.734
D21rs1042522CC,0.6861
D21rs1042522CG,1.0428
D21rs1042522GC,1.0428
D21rs1042522GG,1.0428
D21rs10483727CC,0.7253
D21rs10483727CT,0.9066
D21rs10483727TC,0.9066
D21rs10483727TT,1.1333
D21rs1063192AA,1.1022
D21rs1063192AG,0.7825
D21rs1063192GA,0.7825
D21rs1063192GG,0.7384
D21rs1533428AA,1.0961
D21rs1533428AG,1.0961
D21rs1533428GA,1.0961
D21rs1533428GG,0.8497
D21rs17576AA,1.8692
D21rs17576AG,0.9346
D21rs17576GA,0.9346
D21rs17576GG,0.9346
D21rs1800629AA,0.6579
D21rs1800629AG,1.01
D21rs1800629GA,1.01
D21rs1800629GG,1.01
D21rs2250889CC,0.7291
D21rs2250889CG,1.2831
D21rs2250889GC,1.2831
D21rs2250889GG,1.2831
D21rs3825942AA,0.1415
D21rs3825942AG,0.1415
D21rs3825942GA,0.1415
D21rs3825942GG,1.2816
D21rs4656461AA,0.994
D21rs4656461AG,1.4911
D21rs4656461GA,1.4911
D21rs4656461GG,1.9881
D21rs523096AA,0.9438
D21rs523096AG,1.4158
D21rs523096GA,1.4158
D21rs523096GG,1.8877
D21rs5745718GG,0.885
D21rs5745718GT,1.3274
D21rs5745718TG,1.3274
D21rs5745718TT,1.7699
D22rs1051740CC,1.4093
D22rs1051740CT,0.8977
D22rs1051740TC,0.8977
D22rs1051740TT,0.8977
D22rs1501299GG,0.8127
D22rs1501299GT,1.1622
D22rs1501299TG,1.1622
D22rs1501299TT,1.662
D22rs1695AA,0.8504
D22rs1695AG,1.2325
D22rs1695GA,1.2325
D22rs1695GG,1.7863
D22rs1800629AA,1.7124
D22rs1800629AG,1.2875
D22rs1800629GA,1.2875
D22rs1800629GG,0.9681
D22rs1800925CC,0.9608
D22rs1800925CT,0.9608
D22rs1800925TC,0.9608
D22rs1800925TT,1.9408
D22rs2234922AA,1.0552
D22rs2234922AG,0.8231
D22rs2234922GA,0.8231
D22rs2234922GG,0.642
D22rs6495309CC,1.1994
D22rs6495309CT,0.9018
D22rs6495309TC,0.9018
D22rs6495309TT,0.9018
D23rs12972991AA,0.8867
D23rs12972991AC,1.9863
D23rs12972991CA,1.9863
D23rs12972991CC,1.9863
D23rs1805110CC,0.8767
D23rs1805110CT,1.0608
D23rs1805110TC,1.0608
D23rs1805110TT,1.0608
D23rs20417CC,2.0667
D23rs20417CG,1.686
D23rs20417GC,1.686
D23rs20417GG,0.9065
D23rs2077647CC,1.2892
D23rs2077647CT,0.8595
D23rs2077647TC,0.8595
D23rs2077647TT,0.8595
D23rs2910164CC,0.8747
D23rs2910164CG,0.8747
D23rs2910164GC,0.8747
D23rs2910164GG,1.4871
D23rs3077AA,0.4906
D23rs3077AG,0.8225
D23rs3077GA,0.8225
D23rs3077GG,1.4429
D23rs3820998GG,1.0453
D23rs3820998GT,1.0453
D23rs3820998TG,1.0453
D23rs3820998TT,0.416
D23rs4073AA,0.7189
D23rs4073AT,0.7189
D23rs4073TA,0.7189
D23rs4073TT,1.4976
D23rs430397CC,0.8171
D23rs430397CT,1.3728
D23rs430397TC,1.3728
D23rs430397TT,2.435
D23rs671AA,0.4834
D23rs671AG,0.5477
D23rs671GA,0.5477
D23rs671GG,1.2417
D23rs755622CC,1.2579
D23rs755622CG,0.6289
D23rs755622GC,0.6289
D23rs755622GG,0.6289
D23rs886277CC,1.3085
D23rs886277CT,0.8028
D23rs886277TC,0.8028
D23rs886277TT,0.8028
D24rs1057613AA,1.1051
D24rs1057613AG,0.7625
D24rs1057613GA,0.7625
D24rs1057613GG,0.7625
D24rs1131568AA,1.5055
D24rs1131568AG,0.8856
D24rs1131568GA,0.8856
D24rs1131568GG,0.8856
D24rs1501299GG,1.024
D24rs1501299GT,1.024
D24rs1501299TG,1.024
D24rs1501299TT,0.6656
D24rs1545224AA,1.207
D24rs1545224AG,1.096
D24rs1545224GA,1.096
D24rs1545224GG,0.7405
D24rs1800588CC,1.0959
D24rs1800588CT,1.0959
D24rs1800588TC,1.0959
D24rs1800588TT,0.5479
D24rs1800804CC,1.5518
D24rs1800804CT,1.1949
D24rs1800804TC,1.1949
D24rs1800804TT,0.8298
D24rs1801282CC,1.0472
D24rs1801282CG,0.5454
D24rs1801282GC,0.5454
D24rs1801282GG,0.5454
D24rs20417CC,1.7857
D24rs20417CG,1.7857
D24rs20417GC,1.7857
D24rs20417GG,0.8929
D24rs361525AA,1.933
D24rs361525AG,1.933
D24rs361525GA,1.933
D24rs361525GG,0.9383
D24rs3772622CC,0.5484
D24rs3772622CT,0.914
D24rs3772622TC,0.914
D24rs3772622TT,1.371
D24rs738409CC,0.62
D24rs738409CG,0.8617
D24rs738409GC,0.8617
D24rs738409GG,1.3949
D24rs780094CC,0.6662
D24rs780094CT,1.066
D24rs780094TC,1.066
D24rs780094TT,1.066
D25rs1126579CC,1.3264
D25rs1126579CT,1.0143
D25rs1126579TC,1.0143
D25rs1126579TT,0.8669
D25rs11887534CC,2.2109
D25rs11887534CG,2.2109
D25rs11887534GC,2.2109
D25rs11887534GG,0.9613
D25rs1800630AA,0.597
D25rs1800630AC,0.8181
D25rs1800630CA,0.8181
D25rs1800630CC,1.1055
D25rs2227306CC,1.3384
D25rs2227306CT,0.7629
D25rs2227306TC,0.7629
D25rs2227306TT,0.7629
D25rs2227307GG,0.866
D25rs2227307GT,0.866
D25rs2227307TG,0.866
D25rs2227307TT,1.2372
D25rs2230054CC,0.8022
D25rs2230054CT,1.075
D25rs2230054TC,1.075
D25rs2230054TT,1.3237
D25rs2297518AA,0.9914
D25rs2297518AG,1.3013
D25rs2297518GA,1.3013
D25rs2297518GG,0.8852
D25rs3732860CC,0.91
D25rs3732860CT,1.18
D25rs3732860TC,1.18
D25rs3732860TT,1.18
D25rs3758650AA,4.9755
D25rs3758650AG,1.3593
D25rs3758650GA,1.3593
D25rs3758650GG,0.8549
D25rs4073AA,0.866
D25rs4073AT,0.866
D25rs4073TA,0.866
D25rs4073TT,1.2372
D25rs440446CC,0.6814
D25rs440446CG,1.0698
D25rs440446GC,1.0698
D25rs440446GG,1.4922
D25rs486907CC,0.8555
D25rs486907CT,1.1464
D25rs486907TC,1.1464
D25rs486907TT,1.3003
D26rs1000597CC,1.4006
D26rs1000597CT,1.1481
D26rs1000597TC,1.1481
D26rs1000597TT,0.941
D26rs11746443AA,1.3519
D26rs11746443AG,1.136
D26rs11746443GA,1.136
D26rs11746443GG,0.9547
D26rs12654812AA,1.6479
D26rs12654812AG,1.1524
D26rs12654812GA,1.1524
D26rs12654812GG,0.8059
D26rs12669187AA,2.1362
D26rs12669187AG,1.3606
D26rs12669187GA,1.3606
D26rs12669187GG,0.8666
D26rs4142110CC,0.8685
D26rs4142110CT,0.9901
D26rs4142110TC,0.9901
D26rs4142110TT,1.1287
D26rs4236CC,1.2734
D26rs4236CT,1.2734
D26rs4236TC,1.2734
D26rs4236TT,0.9275
D26rs549908GG,2.0149
D26rs549908GT,2.0149
D26rs549908TG,2.0149
D26rs549908TT,0.7463
D26rs7981733CC,0.7247
D26rs7981733CT,1.0218
D26rs7981733TC,1.0218
D26rs7981733TT,1.4407
D27rs1143627AA,0.7074
D27rs1143627AG,0.9542
D27rs1143627GA,0.9542
D27rs1143627GG,1.2872
D27rs16944AA,1.3439
D27rs16944AG,1.0014
D27rs16944GA,1.0014
D27rs16944GG,0.7462
D27rs1800796CC,1.2853
D27rs1800796CG,0.6427
D27rs1800796GC,0.6427
D27rs1800796GG,0.3213
D27rs1800896CC,1.92
D27rs1800896CT,1.53
D27rs1800896TC,1.53
D27rs1800896TT,0.96
D27rs2275913AA,1.328
D27rs2275913AG,0.996
D27rs2275913GA,0.996
D27rs2275913GG,0.664
D27rs2294008CC,1.0214
D27rs2294008CT,1.0214
D27rs2294008TC,1.0214
D27rs2294008TT,0.5551
D27rs4073AA,2.0809
D27rs4073AT,0.7707
D27rs4073TA,0.7707
D27rs4073TT,0.7707
D28rs1130864AA,0.7691
D28rs1130864AG,0.6755
D28rs1130864GA,0.6755
D28rs1130864GG,1.0393
D28rs1205CC,0.7174
D28rs1205CT,0.934
D28rs1205TC,0.934
D28rs1205TT,1.3536
D28rs149154604AA,2.5
D28rs149154604AG,2.5
D28rs149154604GA,2.5
D28rs149154604GG,0.999
D28rs1801155AA,2.5
D28rs1801155AT,2.5
D28rs1801155TA,2.5
D28rs1801155TT,0.999
D28rs1801166CC,2.5
D28rs1801166CG,2.5
D28rs1801166GC,2.5
D28rs1801166GG,0.999
D28rs2031920CC,1.1136
D28rs2031920CT,0.8909
D28rs2031920TC,0.8909
D28rs2031920TT,0.7127
D28rs3025039CC,0.8292
D28rs3025039CT,1.2438
D28rs3025039TC,1.2438
D28rs3025039TT,2.073
D28rs34612342CC,2.5
D28rs34612342CT,2.5
D28rs34612342TC,2.5
D28rs34612342TT,0.999
D28rs36053993AA,2.5
D28rs36053993AG,2.5
D28rs36053993GA,2.5
D28rs36053993GG,0.999
D28rs3808607GG,0.6826
D28rs3808607GT,0.9996
D28rs3808607TG,0.9996
D28rs3808607TT,1.219
D29rs1061581AA,1.4096
D29rs1061581AG,0.9906
D29rs1061581GA,0.9906
D29rs1061581GG,0.6961
D29rs1487630AA,1.5319
D29rs1487630AG,1.1518
D29rs1487630GA,1.1518
D29rs1487630GG,0.866
D29rs3810936CC,1.298
D29rs3810936CT,1.0066
D29rs3810936TC,1.0066
D29rs3810936TT,0.649
D29rs6478106CC,0.6285
D29rs6478106CT,1.0873
D29rs6478106TC,1.0873
D29rs6478106TT,1.8811
D29rs7329174AA,0.9034
D29rs7329174AG,1.1473
D29rs7329174GA,1.1473
D29rs7329174GG,1.457
D29rs763780CC,1.3125
D29rs763780CT,1.1123
D29rs763780TC,1.1123
D29rs763780TT,0.9426
D29rs7765379GG,1.8265
D29rs7765379GT,1.3699
D29rs7765379TG,1.3699
D29rs7765379TT,0.9132
D29rs9891119AA,1.0705
D29rs9891119AC,0.9644
D29rs9891119CA,0.9644
D29rs9891119CC,0.8689
D2rs1137070CC,1.3646
D2rs1137070CT,1.1068
D2rs1137070TC,1.1068
D2rs1137070TT,0.7581
D2rs11726117CC,1.1082
D2rs11726117CT,0.9309
D2rs11726117TC,0.9309
D2rs11726117TT,0.5541
D2rs13124007CC,1.4836
D2rs13124007CG,1.4836
D2rs13124007GC,1.4836
D2rs13124007GG,0.8727
D2rs1333049CC,1.3188
D2rs1333049CG,0.9223
D2rs1333049GC,0.9223
D2rs1333049GG,0.9223
D2rs2231142GG,0.803
D2rs2231142GT,1.1242
D2rs2231142TG,1.1242
D2rs2231142TT,1.5096
D2rs2283725AA,0.7363
D2rs2283725AG,1.0161
D2rs2283725GA,1.0161
D2rs2283725GG,1.399
D2rs3733591CC,1.8018
D2rs3733591CT,0.9009
D2rs3733591TC,0.9009
D2rs3733591TT,0.9009
D2rs559946CC,1.1442
D2rs559946CT,0.8009
D2rs559946TC,0.8009
D2rs559946TT,0.8009
D2rs6850166CC,0.8834
D2rs6850166CT,1.4134
D2rs6850166TC,1.4134
D2rs6850166TT,1.4134
D2rs780093AA,0.9315
D2rs780093AG,0.9315
D2rs780093GA,0.9315
D2rs780093GG,1.3228
D30rs10883365AA,0.6714
D30rs10883365AG,1.0339
D30rs10883365GA,1.0339
D30rs10883365GG,1.3427
D30rs10975003CC,1.5291
D30rs10975003CT,1.2148
D30rs10975003TC,1.2148
D30rs10975003TT,0.8495
D30rs11571317CC,1
D30rs11571317CT,1.5
D30rs11571317TC,1.5
D30rs11571317TT,1.5
D30rs1544410CC,0.9602
D30rs1544410CT,1.4402
D30rs1544410TC,1.4402
D30rs1544410TT,1.9203
D30rs17085007CC,1.4108
D30rs17085007CT,1.1904
D30rs17085007TC,1.1904
D30rs17085007TT,0.8818
D30rs1800629AA,1.3768
D30rs1800629AG,1.3768
D30rs1800629GA,1.3768
D30rs1800629GG,0.9179
D30rs1801274CC,0.5986
D30rs1801274CT,0.8552
D30rs1801274TC,0.8552
D30rs1801274TT,1.2217
D30rs1805087AA,0.9195
D30rs1805087AG,1.3793
D30rs1805087GA,1.3793
D30rs1805087GG,1.8391
D30rs2043211AA,0.6748
D30rs2043211AT,1.0121
D30rs2043211TA,1.0121
D30rs2043211TT,1.3495
D30rs2055979GG,0.7522
D30rs2055979GT,1.1282
D30rs2055979TG,1.1282
D30rs2055979TT,1.6924
D30rs2069762GG,1.6149
D30rs2069762GT,1.2111
D30rs2069762TG,1.2111
D30rs2069762TT,0.8074
D30rs2108225AA,0.6914
D30rs2108225AG,0.9098
D30rs2108225GA,0.9098
D30rs2108225GG,1.1971
D30rs2488457CC,1.2931
D30rs2488457CG,0.8621
D30rs2488457GC,0.8621
D30rs2488457GG,0.5747
D30rs2569190AA,1.3339
D30rs2569190AG,0.9808
D30rs2569190GA,0.9808
D30rs2569190GG,0.7212
D30rs3810936CC,1.2738
D30rs3810936CT,0.9787
D30rs3810936TC,0.9787
D30rs3810936TT,0.7529
D30rs6017342AA,0.4862
D30rs6017342AC,0.7366
D30rs6017342CA,0.7366
D30rs6017342CC,1.1161
D30rs755622CC,1.1011
D30rs755622CG,0.888
D30rs755622GC,0.888
D30rs755622GG,0.7161
D30rs9263739CC,0.8937
D30rs9263739CT,1.3405
D30rs9263739TC,1.3405
D30rs9263739TT,2.4397
D31rs1800871CC,0.7267
D31rs1800871CT,0.9156
D31rs1800871TC,0.9156
D31rs1800871TT,1.0901
D31rs1800872GG,0.7297
D31rs1800872GT,0.9048
D31rs1800872TG,0.9048
D31rs1800872TT,1.0945
D31rs5443CC,0.741
D31rs5443CT,1.1188
D31rs5443TC,1.1188
D31rs5443TT,1.4819
D31rs8065080CC,1.2464
D31rs8065080CT,1.0283
D31rs8065080TC,1.0283
D31rs8065080TT,0.6232
D32rs1042522CC,1.1321
D32rs1042522CG,1.1321
D32rs1042522GC,1.1321
D32rs1042522GG,0.7547
D32rs10859871AA,0.8933
D32rs10859871AC,1.0898
D32rs10859871CA,1.0898
D32rs10859871CC,1.3296
D32rs10965235AA,0.5362
D32rs10965235AC,0.7721
D32rs10965235CA,0.7721
D32rs10965235CC,1.1118
D32rs11677416CC,0.6667
D32rs11677416CT,1
D32rs11677416TC,1
D32rs11677416TT,1
D32rs12700667AA,1.393
D32rs12700667AG,1.1418
D32rs12700667GA,1.1418
D32rs12700667GG,0.9359
D32rs13271465CC,1.1705
D32rs13271465CT,0.992
D32rs13271465TC,0.992
D32rs13271465TT,0.8407
D32rs13394619AA,0.8504
D32rs13394619AG,0.9864
D32rs13394619GA,0.9864
D32rs13394619GG,1.1442
D32rs1537377CC,1.2019
D32rs1537377CT,1.0543
D32rs1537377TC,1.0543
D32rs1537377TT,0.9249
D32rs16826658GG,1.196
D32rs16826658GT,0.9966
D32rs16826658TG,0.9966
D32rs16826658TT,0.8305
D32rs17561AA,1.4815
D32rs17561AC,1.4815
D32rs17561CC,0.7813
D32rs1864649GG,1.779
D32rs1864649GT,1.779
D32rs1864649TG,1.779
D32rs1864649TT,0.6516
D32rs3783525AA,0.8149
D32rs3783525AT,1.2386
D32rs3783525TA,1.2386
D32rs3783525TT,1.2223
D32rs3783550GG,1.0553
D32rs3783550GT,1.0623
D32rs3783550TG,1.0623
D32rs3783550TT,0.7035
D32rs3798573AA,0.8112
D32rs3798573AG,1.0951
D32rs3798573GA,1.0951
D32rs3798573GG,1.4784
D32rs4141819CC,1.2615
D32rs4141819CT,1.1065
D32rs4141819TC,1.1065
D32rs4141819TT,0.9706
D32rs505444CC,1.0279
D32rs505444CT,0.1282
D32rs505444TC,0.1282
D32rs505444TT,0.1282
D32rs6542095CC,1.0582
D32rs6542095CT,1.0582
D32rs6542095TC,1.0582
D32rs6542095TT,0.7055
D32rs726160AA,3.0514
D32rs726160AG,3.0514
D32rs726160GA,3.0514
D32rs726160GG,0.7096
D32rs735501AA,1.0258
D32rs735501AG,0.3799
D32rs735501GA,0.3799
D32rs735501GG,0.3799
D32rs7521902AA,1.2409
D32rs7521902AC,0.9928
D32rs7521902CA,0.9928
D32rs7521902CC,0.7942
D32rs7739264CC,0.7552
D32rs7739264CT,0.9138
D32rs7739264TC,0.9138
D32rs7739264TT,1.1057
D32rs801112CC,2.2596
D32rs801112CT,1.3694
D32rs801112TC,1.3694
D32rs801112TT,0.83
D32rs903431AA,0.1919
D32rs903431AG,1
D32rs903431GA,1
D32rs903431GG,1
D33rs1048943CC,1.484
D33rs1048943CT,1.484
D33rs1048943TC,1.484
D33rs1048943TT,0.6452
D33rs10818991CC,1.2537
D33rs10818991CT,1.0861
D33rs10818991TC,1.0861
D33rs10818991TT,0.9409
D33rs11601352AA,1.7516
D33rs11601352AG,1.3028
D33rs11601352GA,1.3028
D33rs11601352GG,0.969
D33rs12484776AA,0.9173
D33rs12484776AG,1.1283
D33rs12484776GA,1.1283
D33rs12484776GG,1.1283
D33rs2172873CC,0.9777
D33rs2172873CT,1.1573
D33rs2172873TC,1.1573
D33rs2172873TT,1.3698
D33rs2226994AA,1.207
D33rs2226994AG,1.0565
D33rs2226994GA,1.0565
D33rs2226994GG,0.9249
D33rs2280543CC,1.0049
D33rs2280543CT,1.0049
D33rs2280543TC,1.0049
D33rs2280543TT,0.723
D33rs25487CC,0.6831
D33rs25487CT,1.3661
D33rs25487TC,1.3661
D33rs25487TT,1.3661
D33rs25489AA,1.3793
D33rs25489AG,1.3793
D33rs25489GA,1.3793
D33rs25489GG,0.9195
D33rs3756712AA,1.0153
D33rs3756712AC,1.0142
D33rs3756712CA,1.0142
D33rs3756712CC,0.5344
D33rs4233974CC,1.1634
D33rs4233974CT,1.031
D33rs4233974TC,1.031
D33rs4233974TT,0.9137
D33rs4957014GG,0.6584
D33rs4957014GT,0.8724
D33rs4957014TG,0.8724
D33rs4957014TT,1.1559
D33rs605059AA,1.3522
D33rs605059AG,0.9195
D33rs605059GA,0.9195
D33rs605059GG,0.9195
D33rs7913069CC,0.9496
D33rs7913069CT,1.3959
D33rs7913069TC,1.3959
D33rs7913069TT,1.3959
D33rs9340799AA,0.6068
D33rs9340799AG,0.6068
D33rs9340799GA,0.6068
D33rs9340799GG,5.068
D33rs991964CC,0.9024
D33rs991964CT,1.0347
D33rs991964TC,1.0347
D33rs991964TT,1.1864
D34rs10818854AA,2.1747
D34rs10818854AG,1.4402
D34rs10818854GA,1.4402
D34rs10818854GG,0.9538
D34rs12478601CC,1.2248
D34rs12478601CT,0.8812
D34rs12478601TC,0.8812
D34rs12478601TT,0.6339
D34rs13405728AA,1.1663
D34rs13405728AG,0.8272
D34rs13405728GA,0.8272
D34rs13405728GG,0.5866
D34rs13429458AA,1.1626
D34rs13429458AC,0.7802
D34rs13429458CA,0.7802
D34rs13429458CC,0.5237
D34rs1894116AA,0.9001
D34rs1894116AG,1.1431
D34rs1894116GA,1.1431
D34rs1894116GG,1.4517
D34rs2059807CC,1.1933
D34rs2059807CT,1.0468
D34rs2059807TC,1.0468
D34rs2059807TT,0.9182
D34rs2268361CC,1.1293
D34rs2268361CT,0.982
D34rs2268361TC,0.982
D34rs2268361TT,0.8539
D34rs2272046AA,1.0557
D34rs2272046AC,0.7382
D34rs2272046CA,0.7382
D34rs2272046CC,0.5162
D34rs2349415CC,1.0721
D34rs2349415CT,0.9009
D34rs2349415TC,0.9009
D34rs2349415TT,0.7571
D34rs2479106AA,0.898
D34rs2479106AG,1.2033
D34rs2479106GA,1.2033
D34rs2479106GG,1.6124
D34rs3802457AA,0.622
D34rs3802457AG,0.8086
D34rs3802457GA,0.8086
D34rs3802457GG,1.0512
D34rs4385527AA,0.7531
D34rs4385527AG,0.8962
D34rs4385527GA,0.8962
D34rs4385527GG,1.0664
D34rs4784165GG,1.2
D34rs4784165GT,1.0435
D34rs4784165TG,1.0435
D34rs4784165TT,0.9074
D34rs6022786AA,1.1548
D34rs6022786AG,1.0219
D34rs6022786GA,1.0219
D34rs6022786GG,0.9044
D34rs705702AA,0.8571
D34rs705702AG,1.0885
D34rs705702GA,1.0885
D34rs705702GG,1.3824
D35rs1045642AA,1.1877
D35rs1045642AG,1.0239
D35rs1045642GA,1.0239
D35rs1045642GG,0.8827
D35rs10494251AA,0.7987
D35rs10494251AG,0.9288
D35rs10494251GA,0.9288
D35rs10494251GG,1.08
D35rs1513105AA,0.6978
D35rs1513105AC,0.9288
D35rs1513105CA,0.9288
D35rs1513105CC,1.2363
D35rs1541187AA,1.4437
D35rs1541187AG,1.1737
D35rs1541187GA,1.1737
D35rs1541187GG,0.9542
D35rs16139AA,1
D35rs16139AG,7.762
D35rs16139GA,7.762
D35rs16139GG,7.762
D35rs1800532GG,0.8593
D35rs1800532GT,1.0226
D35rs1800532TG,1.0226
D35rs1800532TT,1.2169
D35rs231779CC,1.3732
D35rs231779CT,1.0833
D35rs231779TC,1.0833
D35rs231779TT,0.8546
D35rs3748989CC,1.132
D35rs3748989CT,0.8946
D35rs3748989TC,0.8946
D35rs3748989TT,0.7071
D35rs4570625GG,1.3663
D35rs4570625GT,1.0521
D35rs4570625TG,1.0521
D35rs4570625TT,0.8101
D35rs4815787AA,1.3082
D35rs4815787AG,1.1364
D35rs4815787GA,1.1364
D35rs4815787GG,0.7695
D35rs6265CC,0.6531
D35rs6265CT,0.9992
D35rs6265TC,0.9992
D35rs6265TT,1.3062
D35rs6295CC,0.9169
D35rs6295CG,1.2012
D35rs6295GC,1.2012
D35rs6295GG,1.3754
D35rs672607AA,0.7108
D35rs672607AG,0.8998
D35rs672607GA,0.8998
D35rs672607GG,1.139
D35rs6782799CC,1.1495
D35rs6782799CT,1.0263
D35rs6782799TC,1.0263
D35rs6782799TT,0.8211
D35rs688325CC,1.1754
D35rs688325CT,1.0133
D35rs688325TC,1.0133
D35rs688325TT,0.8735
D35rs694066AA,2.1532
D35rs694066AG,2.1532
D35rs694066GA,2.1532
D35rs694066GG,0.9716
D36rs1051375AA,0.9616
D36rs1051375AG,1.2501
D36rs1051375GA,1.2501
D36rs1051375GG,1.4424
D36rs1387923AA,1.0595
D36rs1387923AG,0.8807
D36rs1387923GA,0.8807
D36rs1387923GG,0.6622
D36rs1601012AA,0.5739
D36rs1601012AC,0.784
D36rs1601012CA,0.784
D36rs1601012CC,1.071
D36rs17721321AA,1.2728
D36rs17721321AG,1.2728
D36rs17721321GA,1.2728
D36rs17721321GG,0.8485
D36rs1800532GG,0.6783
D36rs1800532GT,1.0242
D36rs1800532TG,1.0242
D36rs1800532TT,1.5465
D36rs1801260CC,1.6228
D36rs1801260CT,1.4515
D36rs1801260TC,1.4515
D36rs1801260TT,0.9016
D36rs1883901AA,1.5332
D36rs1883901AG,1.1704
D36rs1883901GA,1.1704
D36rs1883901GG,0.8934
D36rs231779CC,1.3509
D36rs231779CT,1.0794
D36rs231779TC,1.0794
D36rs231779TT,0.8625
D36rs2433322AA,0.8405
D36rs2433322AG,1.2691
D36rs2433322GA,1.2691
D36rs2433322GG,1.9163
D36rs2494732CC,1.264
D36rs2494732CT,0.8427
D36rs2494732TC,0.8427
D36rs2494732TT,0.5618
D36rs2498804AA,1.4322
D36rs2498804AC,1.0741
D36rs2498804CA,1.0741
D36rs2498804CC,0.7161
D36rs303810CC,1.0866
D36rs303810CT,0.7356
D36rs303810TC,0.7356
D36rs303810TT,0.498
D36rs3746682CC,0.5967
D36rs3746682CG,0.895
D36rs3746682GC,0.895
D36rs3746682GG,1.1933
D36rs3803300CC,0.5214
D36rs3803300CT,1.0428
D36rs3803300TC,1.0428
D36rs3803300TT,1.0428
D36rs4680AA,1.6099
D36rs4680AG,1.1219
D36rs4680GA,1.1219
D36rs4680GG,0.7818
D36rs6265CC,0.7896
D36rs6265CT,1.0004
D36rs6265TC,1.0004
D36rs6265TT,1.1844
D36rs6295CC,0.9424
D36rs6295CG,1.1318
D36rs6295GC,1.1318
D36rs6295GG,1.3593
D36rs672607AA,0.8009
D36rs672607AG,0.9313
D36rs672607GA,0.9313
D36rs672607GG,1.0829
D36rs878567AA,1.6341
D36rs878567AG,1.1842
D36rs878567GA,1.1842
D36rs878567GG,0.8581
D37rs10490168AA,0.7458
D37rs10490168AG,0.838
D37rs10490168GA,0.838
D37rs10490168GG,1.0744
D37rs10494251AA,0.9198
D37rs10494251AG,0.9581
D37rs10494251GA,0.9581
D37rs10494251GG,1.0414
D37rs10761482CC,1.1283
D37rs10761482CT,0.9211
D37rs10761482TC,0.9211
D37rs10761482TT,0.6352
D37rs10994336CC,0.867
D37rs10994336CT,1.2138
D37rs10994336TC,1.2138
D37rs10994336TT,1.4566
D37rs11702684CC,1.0667
D37rs11702684CT,0.9841
D37rs11702684TC,0.9841
D37rs11702684TT,0.8425
D37rs1240083AA,0.8345
D37rs1240083AT,0.8973
D37rs1240083TA,0.8973
D37rs1240083TT,1.0434
D37rs13382584CC,0.7464
D37rs13382584CT,0.8434
D37rs13382584TC,0.8434
D37rs13382584TT,1.0953
D37rs1344706GG,0.864
D37rs1344706GT,1.0108
D37rs1344706TG,1.0108
D37rs1344706TT,1.0968
D37rs1558852AA,0.9236
D37rs1558852AG,0.9985
D37rs1558852GA,0.9985
D37rs1558852GG,1.1747
D37rs17039584AA,0.8277
D37rs17039584AG,1.076
D37rs17039584GA,1.076
D37rs17039584GG,1.2374
D37rs1801028CC,0.682
D37rs1801028CG,1.01
D37rs1801028GC,1.01
D37rs1801028GG,1.01
D37rs2024513AA,1.0545
D37rs2024513AG,0.917
D37rs2024513GA,0.917
D37rs2024513GG,0.7054
D37rs2312147CC,1.0478
D37rs2312147CT,0.9702
D37rs2312147TC,0.9702
D37rs2312147TT,0.8363
D37rs231779CC,1.2407
D37rs231779CT,1.098
D37rs231779TC,1.098
D37rs231779TT,0.8715
D37rs2391191AA,0.8009
D37rs2391191AG,1.0652
D37rs2391191GA,1.0652
D37rs2391191GG,1.241
D37rs362719AA,1.2096
D37rs362719AC,1.0633
D37rs362719CA,1.0633
D37rs362719CC,0.834
D37rs3766512AA,0.9515
D37rs3766512AG,1.0276
D37rs3766512GA,1.0276
D37rs3766512GG,1.0687
D37rs3916965AA,0.8592
D37rs3916965AG,1.0568
D37rs3916965GA,1.0568
D37rs3916965GG,1.1784
D37rs6277CC,0.9395
D37rs6277CT,1.4844
D37rs6277TC,1.4844
D37rs6277TT,1.4844
D37rs672607AA,0.7985
D37rs672607AG,0.8922
D37rs672607GA,0.8922
D37rs672607GG,1.1294
D37rs688325CC,1.0764
D37rs688325CT,1.0203
D37rs688325TC,1.0203
D37rs688325TT,0.9192
D37rs9326555CC,0.975
D37rs9326555CG,1.2382
D37rs9326555GC,1.2382
D37rs9326555GG,1.4054
D39rs1050450AA,#DIV/0!
D39rs1050450AG,#DIV/0!
D39rs1050450GA,#DIV/0!
D39rs1050450GG,#DIV/0!
D39rs11615CC,#DIV/0!
D39rs11615CT,#DIV/0!
D39rs11615TC,#DIV/0!
D39rs11615TT,#DIV/0!
D39rs12696304CC,#DIV/0!
D39rs12696304CG,#DIV/0!
D39rs12696304GC,#DIV/0!
D39rs12696304GG,#DIV/0!
D39rs12917CC,#DIV/0!
D39rs12917CT,#DIV/0!
D39rs12917TC,#DIV/0!
D39rs12917TT,#DIV/0!
D39rs1695AA,#DIV/0!
D39rs1695AG,#DIV/0!
D39rs1695GA,#DIV/0!
D39rs1695GG,#DIV/0!
D39rs1800734AA,#DIV/0!
D39rs1800734AG,#DIV/0!
D39rs1800734GA,#DIV/0!
D39rs1800734GG,#DIV/0!
D39rs1801320CC,#DIV/0!
D39rs1801320CG,#DIV/0!
D39rs1801320GC,#DIV/0!
D39rs1801320GG,#DIV/0!
D39rs2735940CC,#DIV/0!
D39rs2735940CT,#DIV/0!
D39rs2735940TC,#DIV/0!
D39rs2735940TT,#DIV/0!
D39rs2802292GG,#DIV/0!
D39rs2802292GT,#DIV/0!
D39rs2802292TG,#DIV/0!
D39rs2802292TT,#DIV/0!
D39rs4746720CC,#DIV/0!
D39rs4746720CT,#DIV/0!
D39rs4746720TC,#DIV/0!
D39rs4746720TT,#DIV/0!
D39rs4880CC,#DIV/0!
D39rs4880CT,#DIV/0!
D39rs4880TC,#DIV/0!
D39rs4880TT,#DIV/0!
D39rs6869366GG,#DIV/0!
D39rs6869366GT,#DIV/0!
D39rs6869366TG,#DIV/0!
D39rs6869366TT,#DIV/0!
D39rs769214AA,#DIV/0!
D39rs769214AG,#DIV/0!
D39rs769214GA,#DIV/0!
D39rs769214GG,#DIV/0!
D3rs10811661CC,0.6606
D3rs10811661CT,0.9288
D3rs10811661TC,0.9288
D3rs10811661TT,1.3059
D3rs10946398AA,0.9133
D3rs10946398AC,1.0174
D3rs10946398CA,1.0174
D3rs10946398CC,1.1334
D3rs1111875CC,1.2825
D3rs1111875CT,1.0678
D3rs1111875TC,1.0678
D3rs1111875TT,0.8891
D3rs13266634CC,1.2181
D3rs13266634CT,0.9737
D3rs13266634TC,0.9737
D3rs13266634TT,0.7783
D3rs17584499CC,0.8977
D3rs17584499CT,1.4093
D3rs17584499TC,1.4093
D3rs17584499TT,2.2083
D3rs1801282CC,1.0093
D3rs1801282CG,0.8114
D3rs1801282GC,0.8114
D3rs1801282GG,0.6512
D3rs2237895AA,0.8439
D3rs2237895AC,1.0887
D3rs2237895CA,1.0887
D3rs2237895CC,1.4044
D3rs2241766GG,1.0621
D3rs2241766GT,1.0621
D3rs2241766TG,1.0621
D3rs2241766TT,0.9317
D3rs2289669AA,1
D3rs2289669AG,1
D3rs2289669GA,1
D3rs2289669GG,1
D3rs391300CC,1.1453
D3rs391300CT,0.8948
D3rs391300TC,0.8948
D3rs391300TT,0.8948
D3rs4402960GG,0.9119
D3rs4402960GT,1.1216
D3rs4402960TG,1.1216
D3rs4402960TT,1.1216
D3rs4430796AA,0.9024
D3rs4430796AG,1.11
D3rs4430796GA,1.11
D3rs4430796GG,1.11
D3rs5219CC,0.8239
D3rs5219CT,1.0299
D3rs5219TC,1.0299
D3rs5219TT,1.2873
D3rs622342AA,1
D3rs622342AC,1
D3rs622342CA,1
D3rs622342CC,1
D3rs757110GG,1.1379
D3rs757110GT,1.016
D3rs757110TG,1.016
D3rs757110TT,0.9072
D3rs7903146CC,0.9668
D3rs7903146CT,1.6726
D3rs7903146TC,1.6726
D3rs7903146TT,2.8936
D3rs864745AA,0.9634
D3rs864745AG,1.0501
D3rs864745GA,1.0501
D3rs864745GG,1.1464
D3rs9939609AA,1.209
D3rs9939609AT,1.0833
D3rs9939609TA,1.0833
D3rs9939609TT,0.9672
D40rs1042714CC,0.9512
D40rs1042714CG,1.4934
D40rs1042714GC,1.4934
D40rs1042714GG,1.4922
D40rs1295686CC,0.8777
D40rs1295686CT,1.062
D40rs1295686TC,1.062
D40rs1295686TT,1.2902
D40rs1701704AA,0.9145
D40rs1701704AC,1.0882
D40rs1701704CA,1.0882
D40rs1701704CC,1.2986
D40rs1800629AA,1.3171
D40rs1800629AG,1.3171
D40rs1800629GA,1.3171
D40rs1800629GG,0.9275
D40rs1801275AA,0.972
D40rs1801275AG,0.972
D40rs1801275GA,0.972
D40rs1801275GG,1.6719
D40rs1837253CC,1.1479
D40rs1837253CT,0.9812
D40rs1837253TC,0.9812
D40rs1837253TT,0.9812
D40rs2243250CC,0.613
D40rs2243250CT,1.0114
D40rs2243250TC,1.0114
D40rs2243250TT,1.0131
D40rs2280091AA,0.86
D40rs2280091AG,1.6598
D40rs2280091GA,1.6598
D40rs2280091GG,1.6629
D40rs2280788CC,0.9407
D40rs2280788CG,1.223
D40rs2280788GC,1.223
D40rs2280788GG,1.223
D40rs2569190AA,0.6266
D40rs2569190AG,0.9082
D40rs2569190GA,0.9082
D40rs2569190GG,1.3162
D40rs2787094CC,0.6334
D40rs2787094CG,0.8931
D40rs2787094GC,0.8931
D40rs2787094GG,1.2592
D40rs324981AA,0.639
D40rs324981AT,1.1018
D40rs324981TA,1.1018
D40rs324981TT,1.1018
D40rs324987CC,1.1919
D40rs324987CT,0.9178
D40rs324987TC,0.9178
D40rs324987TT,0.9178
D40rs3741240AA,1.3387
D40rs3741240AG,0.8865
D40rs3741240GA,0.8865
D40rs3741240GG,0.5871
D40rs3918242CC,0.8123
D40rs3918242CT,1.3485
D40rs3918242TC,1.3485
D40rs3918242TT,1.3485
D40rs404860CC,0.937
D40rs404860CT,0.937
D40rs404860TC,0.937
D40rs404860TT,1.1338
D41rs103294CC,1.4678
D41rs103294CT,1.1623
D41rs103294TC,1.1623
D41rs103294TT,0.8484
D41rs12621278AA,0.8959
D41rs12621278AG,1.0925
D41rs12621278GA,1.0925
D41rs12621278GG,1.3323
D41rs1544410CC,1.0549
D41rs1544410CT,0.4647
D41rs1544410TC,0.4647
D41rs1544410TT,0.4647
D41rs1800470AA,1.4222
D41rs1800470AG,0.9419
D41rs1800470GA,0.9419
D41rs1800470GG,0.6237
D41rs339331CC,0.7646
D41rs339331CT,0.9328
D41rs339331TC,0.9328
D41rs339331TT,1.138
D41rs743572AA,0.5705
D41rs743572AG,0.9128
D41rs743572GA,0.9128
D41rs743572GG,1.3921
D42rs28940868AA,#VALUE!
D42rs28940868AC,#VALUE!
D42rs28940868CA,#VALUE!
D42rs28940868CC,#VALUE!
D43rs12021720CC,#VALUE!
D43rs12021720CT,#VALUE!
D43rs12021720TC,#VALUE!
D43rs12021720TT,#VALUE!
D43rs28940288AA,#VALUE!
D43rs28940288AG,#VALUE!
D43rs28940288GA,#VALUE!
D43rs28940288GG,#VALUE!
D43rs79761867CC,#VALUE!
D43rs79761867CG,#VALUE!
D43rs79761867GC,#VALUE!
D43rs79761867GG,#VALUE!
D44rs60310264AA,#VALUE!
D44rs60310264AG,#VALUE!
D44rs60310264GA,#VALUE!
D44rs60310264GG,#VALUE!
D44rs60652225GG,#VALUE!
D44rs60652225GT,#VALUE!
D44rs60652225TG,#VALUE!
D44rs60652225TT,#VALUE!
D44rs60864230GG,#VALUE!
D44rs60864230GT,#VALUE!
D44rs60864230TG,#VALUE!
D44rs60864230TT,#VALUE!
D45rs1042522CC,1.0804
D45rs1042522CG,1.0804
D45rs1042522GC,1.0804
D45rs1042522GG,0.8507
D45rs1052133CC,1.061
D45rs1052133CG,1.061
D45rs1052133GC,1.061
D45rs1052133GG,0.8916
D45rs11536889CC,1.7346
D45rs11536889CG,1.1275
D45rs11536889GC,1.1275
D45rs11536889GG,0.8673
D45rs1800925CC,0.9344
D45rs1800925CT,1.1026
D45rs1800925TC,1.1026
D45rs1800925TT,1.1026
D45rs2228000CC,0.9038
D45rs2228000CT,1.0756
D45rs2228000TC,1.0756
D45rs2228000TT,1.0756
D45rs2275913AA,0.7851
D45rs2275913AG,1.0755
D45rs2275913GA,1.0755
D45rs2275913GG,1.0755
D45rs2294008CC,0.8682
D45rs2294008CT,1.1547
D45rs2294008TC,1.1547
D45rs2294008TT,1.1547
D45rs2736098AA,1.2225
D45rs2736098AG,0.978
D45rs2736098GA,0.978
D45rs2736098GG,0.978
D45rs2910164CC,0.9101
D45rs2910164CG,1.083
D45rs2910164GC,1.083
D45rs2910164GG,1.083
D45rs401681CC,1.1886
D45rs401681CT,0.9743
D45rs401681TC,0.9743
D45rs401681TT,0.9743
D45rs763780CC,0.6893
D45rs763780CT,1.0063
D45rs763780TC,1.0063
D45rs763780TT,1.0063
D45rs798766CC,0.9615
D45rs798766CT,1.2019
D45rs798766TC,1.2019
D45rs798766TT,1.2019
D45rs861539CC,0.9546
D45rs861539CT,1.2218
D45rs861539TC,1.2218
D45rs861539TT,1.2218
D45rs884225CC,1.1963
D45rs884225CT,0.9274
D45rs884225TC,0.9274
D45rs884225TT,0.9274
D45rs9344AA,1.1626
D45rs9344AG,0.9814
D45rs9344GA,0.9814
D45rs9344GG,0.7549
D45rs9642880GG,0.8847
D45rs9642880GT,1.0882
D45rs9642880TG,1.0882
D45rs9642880TT,1.0882
D46rs1042522CC,1.263
D46rs1042522CG,0.9641
D46rs1042522GC,0.9641
D46rs1042522GG,0.9641
D46rs10795668AA,0.7668
D46rs10795668AG,0.9431
D46rs10795668GA,0.9431
D46rs10795668GG,1.1041
D46rs10911251AA,1.0893
D46rs10911251AC,0.9978
D46rs10911251CA,0.9978
D46rs10911251CC,0.9154
D46rs11556218GG,1.2964
D46rs11556218GT,1.2964
D46rs11556218TG,1.2964
D46rs11556218TT,0.8473
D46rs1329149CC,0.9174
D46rs1329149CT,0.9174
D46rs1329149TC,0.9174
D46rs1329149TT,3.6697
D46rs1800566AA,1.2045
D46rs1800566AG,1.2045
D46rs1800566GA,1.2045
D46rs1800566GG,0.5655
D46rs1801133AA,1.2078
D46rs1801133AG,0.9819
D46rs1801133GA,0.9819
D46rs1801133GG,0.9819
D46rs2019720AA,0.8891
D46rs2019720AG,0.8891
D46rs2019720GA,0.8891
D46rs2019720GG,1.147
D46rs2232596AA,0.9102
D46rs2232596AG,1.4382
D46rs2232596GA,1.4382
D46rs2232596GG,1.4382
D46rs2423279CC,1.2026
D46rs2423279CT,1.0546
D46rs2423279TC,1.0546
D46rs2423279TT,0.9251
D46rs25487CC,1.0825
D46rs25487CT,0.876
D46rs25487TC,0.876
D46rs25487TT,0.7122
D46rs3217901AA,0.9174
D46rs3217901AG,0.9908
D46rs3217901GA,0.9908
D46rs3217901GG,1.0734
D46rs373572CC,0.7962
D46rs373572CT,1.1146
D46rs373572TC,1.1146
D46rs373572TT,1.1146
D46rs3802842AA,0.7786
D46rs3802842AC,0.9966
D46rs3802842CA,0.9966
D46rs3802842CC,1.2769
D46rs4444235CC,1.1635
D46rs4444235CT,1.1635
D46rs4444235TC,1.1635
D46rs4444235TT,0.5997
D46rs4444903AA,0.7105
D46rs4444903AG,1.009
D46rs4444903GA,1.009
D46rs4444903GG,1.009
D46rs462779AA,1.292
D46rs462779AG,1.0192
D46rs462779GA,1.0192
D46rs462779GG,0.7178
D46rs4939827CC,0.8493
D46rs4939827CT,1.0362
D46rs4939827TC,1.0362
D46rs4939827TT,1.2655
D46rs647161AA,1.2399
D46rs647161AC,1.0589
D46rs647161CA,1.0589
D46rs647161CC,0.9051
D46rs671AA,1.7264
D46rs671AG,0.9282
D46rs671GA,0.9282
D46rs671GG,0.9282
D46rs696CC,1.2099
D46rs696CT,0.8767
D46rs696TC,0.8767
D46rs696TT,0.8767
D46rs6983267GG,1.1666
D46rs6983267GT,1.0163
D46rs6983267TG,1.0163
D46rs6983267TT,0.8838
D46rs712GG,0.8197
D46rs712GT,1.2295
D46rs712TG,1.2295
D46rs712TT,1.2295
D46rs961253AA,1.7911
D46rs961253AC,1.3009
D46rs961253CA,1.3009
D46rs961253CC,0.9427
D47rs1014867CC,1.0537
D47rs1014867CT,0.7376
D47rs1014867TC,0.7376
D47rs1014867TT,0.7376
D47rs1042026AA,1.6417
D47rs1042026AG,1.2178
D47rs1042026GA,1.2178
D47rs1042026GG,0.902
D47rs1042522CC,1.2132
D47rs1042522CG,1.0399
D47rs1042522GC,1.0399
D47rs1042522GG,0.8666
D47rs11066105CC,0.8613
D47rs11066105CT,1.1628
D47rs11066105TC,1.1628
D47rs11066105TT,1.1628
D47rs11752942AA,1.1633
D47rs11752942AG,0.8492
D47rs11752942GA,0.8492
D47rs11752942GG,0.8492
D47rs1229984AA,0.8828
D47rs1229984AG,1.1036
D47rs1229984GA,1.1036
D47rs1229984GG,1.3508
D47rs12951053AA,0.9253
D47rs12951053AC,1.0641
D47rs12951053CA,1.0641
D47rs12951053CC,1.2214
D47rs13016963AA,1.3624
D47rs13016963AG,1.0588
D47rs13016963GA,1.0588
D47rs13016963GG,0.8207
D47rs13181GG,1.1605
D47rs13181GT,1.1605
D47rs13181TG,1.1605
D47rs13181TT,0.9671
D47rs1494961CC,1.0522
D47rs1494961CT,1.0522
D47rs1494961TC,1.0522
D47rs1494961TT,0.9149
D47rs17028973CC,0.8598
D47rs17028973CT,1.0834
D47rs17028973TC,1.0834
D47rs17028973TT,1.3672
D47rs174537GG,1.1143
D47rs174537GT,0.9806
D47rs174537TG,0.9806
D47rs174537TT,0.858
D47rs17761864AA,1.3811
D47rs17761864AC,1.1446
D47rs17761864CA,1.1446
D47rs17761864CC,0.946
D47rs1799782AA,1.2916
D47rs1799782AG,0.9712
D47rs1799782GA,0.9712
D47rs1799782GG,0.9712
D47rs1801133AA,0.7068
D47rs1801133AG,0.7068
D47rs1801133GA,0.7068
D47rs1801133GG,1.2399
D47rs1893883CC,0.9473
D47rs1893883CG,1.2694
D47rs1893883GC,1.2694
D47rs1893883GG,1.7052
D47rs2014300AA,0.7519
D47rs2014300AG,0.7519
D47rs2014300GA,0.7519
D47rs2014300GG,1.0741
D47rs2029166CC,1.1774
D47rs2029166CT,0.9995
D47rs2029166TC,0.9995
D47rs2029166TT,0.847
D47rs2074356CC,0.846
D47rs2074356CT,1.286
D47rs2074356TC,1.286
D47rs2074356TT,1.286
D47rs2191249AA,0.8361
D47rs2191249AC,0.9302
D47rs2191249CA,0.9302
D47rs2191249CC,1.0452
D47rs2233678CC,0.5653
D47rs2233678CG,0.5653
D47rs2233678GC,0.5653
D47rs2233678GG,1.0277
D47rs2239612CC,0.9441
D47rs2239612CT,1.1424
D47rs2239612TC,1.1424
D47rs2239612TT,1.3784
D47rs2239815CC,0.875
D47rs2239815CT,1.0326
D47rs2239815TC,1.0326
D47rs2239815TT,1.2251
D47rs2274223AA,0.9216
D47rs2274223AG,1.1335
D47rs2274223GA,1.1335
D47rs2274223GG,1.1335
D47rs2847281CC,1.3756
D47rs2847281CT,1.1464
D47rs2847281TC,1.1464
D47rs2847281TT,0.9553
D47rs3805322AA,1.1903
D47rs3805322AG,0.9642
D47rs3805322GA,0.9642
D47rs3805322GG,0.7737
D47rs4444903AA,0.7017
D47rs4444903AG,0.8912
D47rs4444903GA,0.8912
D47rs4444903GG,1.1297
D47rs4647602AA,0.6734
D47rs4647602AC,1.0101
D47rs4647602CA,1.0101
D47rs4647602CC,1.0101
D47rs4785204CC,0.8655
D47rs4785204CT,1.0732
D47rs4785204TC,1.0732
D47rs4785204TT,1.3329
D47rs4822983CC,0.9181
D47rs4822983CT,1.1017
D47rs4822983TC,1.1017
D47rs4822983TT,1.3221
D47rs6503659AA,1.5433
D47rs6503659AT,1.2174
D47rs6503659TA,1.2174
D47rs6503659TT,0.9586
D47rs6573AA,0.4914
D47rs6573AC,0.4914
D47rs6573CA,0.4914
D47rs6573CC,1.2285
D47rs662CC,0.848
D47rs662CT,1.0431
D47rs662TC,1.0431
D47rs662TT,1.2805
D47rs6682925CC,1.0852
D47rs6682925CT,1.0852
D47rs6682925TC,1.0852
D47rs6682925TT,0.8823
D47rs671AA,1.3341
D47rs671AG,1.3341
D47rs671GA,1.3341
D47rs671GG,0.8777
D47rs9904341CC,1.2256
D47rs9904341CG,0.9079
D47rs9904341GC,0.9079
D47rs9904341GG,0.9079
D48rs1042522CC,1.0329
D48rs1042522CG,1.0329
D48rs1042522GC,1.0329
D48rs1042522GG,0.939
D48rs1048943CC,1.1448
D48rs1048943CT,1.0791
D48rs1048943TC,1.0791
D48rs1048943TT,0.9384
D48rs1051730CC,0.9768
D48rs1051730CT,1.3088
D48rs1051730TC,1.3088
D48rs1051730TT,1.3186
D48rs1052133CC,0.1923
D48rs1052133CG,1.2019
D48rs1052133GC,1.2019
D48rs1052133GG,1.2019
D48rs10889677AA,1.1809
D48rs10889677AC,0.8385
D48rs10889677CA,0.8385
D48rs10889677CC,0.5786
D48rs11614913CC,1.1163
D48rs11614913CT,1.0012
D48rs11614913TC,1.0012
D48rs11614913TT,0.886
D48rs11615CC,0.9874
D48rs11615CT,0.9874
D48rs11615TC,0.9874
D48rs11615TT,1.3033
D48rs1333040CC,1.2302
D48rs1333040CT,1.057
D48rs1333040TC,1.057
D48rs1333040TT,0.9112
D48rs1571801AA,1.3177
D48rs1571801AC,1.3177
D48rs1571801CA,1.3177
D48rs1571801CC,0.9761
D48rs1760944GG,0.9009
D48rs1760944GT,0.9009
D48rs1760944TG,0.9009
D48rs1760944TT,1.155
D48rs1800975AA,1.2228
D48rs1800975AG,0.9334
D48rs1800975GA,0.9334
D48rs1800975GG,0.9334
D48rs1801133AA,1.187
D48rs1801133AG,1.0457
D48rs1801133GA,1.0457
D48rs1801133GG,0.9421
D48rs2233678CC,0.6443
D48rs2233678CG,0.6443
D48rs2233678GC,0.6443
D48rs2233678GG,1.0227
D48rs2236141CC,1.1343
D48rs2236141CT,0.7146
D48rs2236141TC,0.7146
D48rs2236141TT,0.7146
D48rs243865CC,1.0557
D48rs243865CT,0.8235
D48rs243865TC,0.8235
D48rs243865TT,0.8235
D48rs25487CC,0.9496
D48rs25487CT,1.054
D48rs25487TC,1.054
D48rs25487TT,1.3104
D48rs2736100AA,0.708
D48rs2736100AC,1.0549
D48rs2736100CA,1.0549
D48rs2736100CC,1.5575
D48rs36600CC,0.9504
D48rs36600CT,1.226
D48rs36600TC,1.226
D48rs36600TT,1.5111
D48rs3813867CC,0.8395
D48rs3813867CG,0.8395
D48rs3813867GC,0.8395
D48rs3813867GG,1.0903
D48rs3866958AA,0.843
D48rs3866958AC,0.843
D48rs3866958CA,0.843
D48rs3866958CC,1.0706
D48rs401681CC,1.1254
D48rs401681CT,0.8932
D48rs401681TC,0.8932
D48rs401681TT,0.8932
D48rs402710CC,1.1388
D48rs402710CT,0.8769
D48rs402710TC,0.8769
D48rs402710TT,0.8769
D48rs4488809CC,1.2117
D48rs4488809CT,0.9602
D48rs4488809TC,0.9602
D48rs4488809TT,0.7621
D48rs6495309CC,1.1974
D48rs6495309CT,0.9663
D48rs6495309TC,0.9663
D48rs6495309TT,0.7002
D48rs696CC,0.906
D48rs696CT,0.906
D48rs696TC,0.906
D48rs696TT,1.4587
D48rs753955CC,1.2593
D48rs753955CT,1.069
D48rs753955TC,1.069
D48rs753955TT,0.906
D48rs8034191CC,1.133
D48rs8034191CT,1.133
D48rs8034191TC,1.133
D48rs8034191TT,0.9852
D48rs863582CC,1.3067
D48rs863582CT,1.1387
D48rs863582TC,1.1387
D48rs863582TT,0.9334
D48rs931127AA,0.9274
D48rs931127AG,0.9274
D48rs931127GA,0.9274
D48rs931127GG,1.1778
D49rs1042522CC,1.4522
D49rs1042522CG,1.0222
D49rs1042522GC,1.0222
D49rs1042522GG,0.8113
D49rs10889677AA,1.1388
D49rs10889677AC,0.8883
D49rs10889677CA,0.8883
D49rs10889677CC,0.6264
D49rs1412829CC,0.6375
D49rs1412829CT,0.8174
D49rs1412829TC,0.8174
D49rs1412829TT,1.0479
D49rs1800469AA,0.7538
D49rs1800469AG,1.0101
D49rs1800469GA,1.0101
D49rs1800469GG,1.5076
D49rs1805794CC,1.8487
D49rs1805794CG,0.8073
D49rs1805794GC,0.8073
D49rs1805794GG,0.4777
D49rs1946518GG,0.7921
D49rs1946518GT,1.0456
D49rs1946518TG,1.0456
D49rs1946518TT,1.0456
D49rs2279744GG,1.585
D49rs2279744GT,0.8345
D49rs2279744TG,0.8345
D49rs2279744TT,0.5601
D49rs231775AA,1.6898
D49rs231775AG,0.9234
D49rs231775GA,0.9234
D49rs231775GG,0.9234
D49rs243865CC,1.1305
D49rs243865CT,0.5878
D49rs243865TC,0.5878
D49rs243865TT,0.5765
D49rs25487CC,0.9852
D49rs25487CT,0.9852
D49rs25487TC,0.9852
D49rs25487TT,1.2808
D49rs2860580AA,0.4573
D49rs2860580AG,0.7885
D49rs2860580GA,0.7885
D49rs2860580GG,1.3595
D49rs3813946AA,0.9266
D49rs3813946AG,1.3251
D49rs3813946GA,1.3251
D49rs3813946GG,1.8903
D49rs4938723CC,1.202
D49rs4938723CT,1.202
D49rs4938723TC,1.202
D49rs4938723TT,0.8347
D49rs6774494AA,1.1456
D49rs6774494AG,0.9623
D49rs6774494GA,0.9623
D49rs6774494GG,0.8083
D49rs9510787AA,0.8803
D49rs9510787AG,1.0563
D49rs9510787GA,1.0563
D49rs9510787GG,1.2676
D49rs9904341CC,1.2545
D49rs9904341CG,0.8961
D49rs9904341GC,0.8961
D49rs9904341GG,0.8961
D4rs10118757AA,1.1356
D4rs10118757AG,0.9464
D4rs10118757GA,0.9464
D4rs10118757GG,0.7886
D4rs1041981AA,0.6056
D4rs1041981AC,1.0779
D4rs1041981CA,1.0779
D4rs1041981CC,1.0779
D4rs1048990CC,0.849
D4rs1048990CG,1.0358
D4rs1048990GC,1.0358
D4rs1048990GG,1.3245
D4rs10757274AA,0.8291
D4rs10757274AG,1.0695
D4rs10757274GA,1.0695
D4rs10757274GG,1.0695
D4rs10903323AA,1.4435
D4rs10903323AG,1.0853
D4rs10903323GA,1.0853
D4rs10903323GG,0.816
D4rs11066001CC,2.2874
D4rs11066001CT,1.3863
D4rs11066001TC,1.3863
D4rs11066001TT,0.8402
D4rs11206510CC,0.7143
D4rs11206510CT,1
D4rs11206510TC,1
D4rs11206510TT,1
D4rs1333049CC,1.0484
D4rs1333049CG,1.0484
D4rs1333049GC,1.0484
D4rs1333049GG,0.8065
D4rs1433099AA,1.245
D4rs1433099AG,1.0641
D4rs1433099GA,1.0641
D4rs1433099GG,0.9095
D4rs173539CC,0.892
D4rs173539CT,1.115
D4rs173539TC,1.115
D4rs173539TT,1.3915
D4rs174547CC,0.8283
D4rs174547CT,1.0188
D4rs174547TC,1.0188
D4rs174547TT,1.2424
D4rs1800683AA,1.577
D4rs1800683AG,0.886
D4rs1800683GA,0.886
D4rs1800683GG,0.886
D4rs1800787CC,0.8081
D4rs1800787CT,1.2121
D4rs1800787TC,1.2121
D4rs1800787TT,1.8182
D4rs2071303AA,1.2257
D4rs2071303AG,0.9651
D4rs2071303GA,0.9651
D4rs2071303GG,0.9651
D4rs2071592AA,1.122
D4rs2071592AT,1.122
D4rs2071592TA,1.122
D4rs2071592TT,0.7013
D4rs2230806AA,0.5716
D4rs2230806AG,1.1208
D4rs2230806GA,1.1208
D4rs2230806GG,1.1208
D4rs2239527CC,0.684
D4rs2239527CG,1.0944
D4rs2239527GC,1.0944
D4rs2239527GG,1.0944
D4rs2333227CC,1.1519
D4rs2333227CT,0.6566
D4rs2333227TC,0.6566
D4rs2333227TT,0.2419
D4rs2383206AA,0.7695
D4rs2383206AG,1.0004
D4rs2383206GA,1.0004
D4rs2383206GG,1.3005
D4rs255052AA,1.5304
D4rs255052AG,1.1945
D4rs255052GA,1.1945
D4rs255052GG,0.9332
D4rs501120AA,1.1179
D4rs501120AG,0.9606
D4rs501120GA,0.9606
D4rs501120GG,0.8281
D4rs5186AA,0.8931
D4rs5186AC,1.4557
D4rs5186CA,1.4557
D4rs5186CC,1.4557
D4rs611917CC,1.8035
D4rs611917CT,1.3164
D4rs611917TC,1.3164
D4rs611917TT,0.9609
D4rs662799AA,1.1343
D4rs662799AG,1.0406
D4rs662799GA,1.0406
D4rs662799GG,0.9547
D4rs6903956AA,1.5371
D4rs6903956AG,1.5371
D4rs6903956GA,1.5371
D4rs6903956GG,0.9316
D4rs7291467AA,0.8884
D4rs7291467AG,0.8884
D4rs7291467GA,0.8884
D4rs7291467GG,1.0928
D4rs7412CC,0.9006
D4rs7412CT,1.522
D4rs7412TC,1.522
D4rs7412TT,1.522
D4rs8034928CC,1.7958
D4rs8034928CT,0.9116
D4rs8034928TC,0.9116
D4rs8034928TT,0.9116
D4rs909253CC,1.5173
D4rs909253CT,0.8978
D4rs909253TC,0.8978
D4rs909253TT,0.8978
D4rs9366637CC,1.2815
D4rs9366637CT,0.9829
D4rs9366637TC,0.9829
D4rs9366637TT,0.7281
D4rs974819AA,1.0993
D4rs974819AG,1.0235
D4rs974819GA,1.0235
D4rs974819GG,0.9477
D50rs1042522CC,1.5224
D50rs1042522CG,1.0572
D50rs1042522GC,1.0572
D50rs1042522GG,0.7342
D50rs10508902AA,0.9528
D50rs10508902AG,1.6578
D50rs10508902GA,1.6578
D50rs10508902GG,2.8846
D50rs1052176GG,0.745
D50rs1052176GT,0.9198
D50rs1052176TG,0.9198
D50rs1052176TT,1.1355
D50rs1093992AA,1.3183
D50rs1093992AG,1.1172
D50rs1093992GA,1.1172
D50rs1093992GG,0.9468
D50rs10958713CC,0.8949
D50rs10958713CT,0.9944
D50rs10958713TC,0.9944
D50rs10958713TT,1.1049
D50rs11614717GG,0.9498
D50rs11614717GT,1.1112
D50rs11614717TG,1.1112
D50rs11614717TT,1.3002
D50rs12050732AA,1.1031
D50rs12050732AC,0.9707
D50rs12050732CA,0.9707
D50rs12050732CC,0.8542
D50rs13361707CC,1.385
D50rs13361707CT,0.9629
D50rs13361707TC,0.9629
D50rs13361707TT,0.6595
D50rs13447720CC,1.3003
D50rs13447720CT,1.0836
D50rs13447720TC,1.0836
D50rs13447720TT,0.903
D50rs1421AA,1.0451
D50rs1421AG,0.8987
D50rs1421GA,0.8987
D50rs1421GG,0.7729
D50rs1434285GG,0.9084
D50rs1434285GT,1.0628
D50rs1434285TG,1.0628
D50rs1434285TT,1.2435
D50rs1494961CC,0.8495
D50rs1494961CT,0.9439
D50rs1494961TC,0.9439
D50rs1494961TT,1.0488
D50rs1638588AA,1.1684
D50rs1638588AC,1.0432
D50rs1638588CA,1.0432
D50rs1638588CC,0.9314
D50rs17102087CC,1.0507
D50rs17102087CT,0.8406
D50rs17102087TC,0.8406
D50rs17102087TT,0.6725
D50rs17757541CC,0.9425
D50rs17757541CG,1.3195
D50rs17757541GC,1.3195
D50rs17757541GG,1.3195
D50rs1799782AA,1.3573
D50rs1799782AG,0.9836
D50rs1799782GA,0.9836
D50rs1799782GG,0.9836
D50rs1800629AA,1.5057
D50rs1800629AG,1.3102
D50rs1800629GA,1.3102
D50rs1800629GG,0.9777
D50rs1800871CC,1.1102
D50rs1800871CT,1.1102
D50rs1800871TC,1.1102
D50rs1800871TT,0.9215
D50rs1800872GG,1.1032
D50rs1800872GT,1.1032
D50rs1800872TG,1.1032
D50rs1800872TT,0.9156
D50rs1883965AA,1.2284
D50rs1883965AG,1.2284
D50rs1883965GA,1.2284
D50rs1883965GG,0.9597
D50rs20417CC,2.2009
D50rs20417CG,1.4385
D50rs20417GC,1.4385
D50rs20417GG,0.9402
D50rs2070803AA,2.0448
D50rs2070803AG,1.2544
D50rs2070803GA,1.2544
D50rs2070803GG,0.7696
D50rs2072454CC,0.9403
D50rs2072454CT,0.9215
D50rs2072454TC,0.9215
D50rs2072454TT,1.4574
D50rs2274223AA,0.8611
D50rs2274223AG,1.128
D50rs2274223GA,1.128
D50rs2274223GG,1.4777
D50rs2294008CC,0.7351
D50rs2294008CT,1.2275
D50rs2294008TC,1.2275
D50rs2294008TT,2.05
D50rs2295080GG,0.5375
D50rs2295080GT,0.9105
D50rs2295080TG,0.9105
D50rs2295080TT,1.097
D50rs2295795AA,0.8005
D50rs2295795AG,0.9308
D50rs2295795GA,0.9308
D50rs2295795GG,1.0824
D50rs2865367AA,0.4867
D50rs2865367AC,0.7053
D50rs2865367CA,0.7053
D50rs2865367CC,1.0222
D50rs4072037AA,1.2178
D50rs4072037AG,0.6454
D50rs4072037GA,0.6454
D50rs4072037GG,0.341
D50rs4073AA,0.7962
D50rs4073AT,0.9554
D50rs4073TA,0.9554
D50rs4073TT,1.1465
D50rs5498AA,1.1184
D50rs5498AG,0.8224
D50rs5498GA,0.8224
D50rs5498GG,0.8224
D50rs671AA,1.1257
D50rs671AG,1.1257
D50rs671GA,1.1257
D50rs671GG,0.954
D50rs7187863AA,1.0455
D50rs7187863AG,0.7109
D50rs7187863GA,0.7109
D50rs7187863GG,0.4834
D50rs744154CC,0.977
D50rs744154CG,0.977
D50rs744154GC,0.977
D50rs744154GG,1.7446
D50rs7720677CC,0.8496
D50rs7720677CT,0.9995
D50rs7720677TC,0.9995
D50rs7720677TT,1.1759
D50rs9387033CC,0.727
D50rs9387033CT,0.8976
D50rs9387033TC,0.8976
D50rs9387033TT,1.1081
D50rs9429095GG,1.0947
D50rs9429095GT,0.9524
D50rs9429095TG,0.9524
D50rs9429095TT,0.8286
D50rs9788973CC,0.8776
D50rs9788973CT,1.0355
D50rs9788973TC,1.0355
D50rs9788973TT,1.2219
D50rs9841504CC,1.0608
D50rs9841504CG,0.8062
D50rs9841504GC,0.8062
D50rs9841504GG,0.6127
D50rs9904341CC,1.328
D50rs9904341CG,0.971
D50rs9904341GC,0.971
D50rs9904341GG,0.714
D51rs1042522CC,1.1313
D51rs1042522CG,0.9956
D51rs1042522GC,0.9956
D51rs1042522GG,0.9616
D51rs1051740CC,1.548
D51rs1051740CT,0.9556
D51rs1051740TC,0.9556
D51rs1051740TT,0.5898
D51rs1052133CC,0.6906
D51rs1052133CG,1.0773
D51rs1052133GC,1.0773
D51rs1052133GG,1.0773
D51rs1570360AA,0.697
D51rs1570360AG,0.697
D51rs1570360GA,0.697
D51rs1570360GG,1.1426
D51rs17401966AA,0.8357
D51rs17401966AG,1.1195
D51rs17401966GA,1.1195
D51rs17401966GG,1.5768
D51rs1800629AA,1.7658
D51rs1800629AG,1.7658
D51rs1800629GA,1.7658
D51rs1800629GG,0.9149
D51rs1800872GG,1.4304
D51rs1800872GT,1.1089
D51rs1800872TG,1.1089
D51rs1800872TT,0.8596
D51rs1801131GG,0.4817
D51rs1801131GT,1.0249
D51rs1801131TG,1.0249
D51rs1801131TT,1.0249
D51rs1801270AA,1.0791
D51rs1801270AC,1.0791
D51rs1801270CA,1.0791
D51rs1801270CC,0.7194
D51rs2279744GG,1.2833
D51rs2279744GT,1.0105
D51rs2279744TG,1.0105
D51rs2279744TT,0.7956
D51rs25489AA,1.876
D51rs25489AG,1.1103
D51rs25489GA,1.1103
D51rs25489GG,0.9571
D51rs2596542CC,0.8239
D51rs2596542CT,1.1452
D51rs2596542TC,1.1452
D51rs2596542TT,1.5919
D51rs2736098AA,1.0931
D51rs2736098AG,1.0931
D51rs2736098GA,1.0931
D51rs2736098GG,0.8815
D51rs34330CC,0.7629
D51rs34330CT,1.0833
D51rs34330TC,1.0833
D51rs34330TT,1.0833
D51rs3746444AA,0.9118
D51rs3746444AG,1.1124
D51rs3746444GA,1.1124
D51rs3746444GG,2.1793
D51rs4444903AA,0.6845
D51rs4444903AG,0.883
D51rs4444903GA,0.883
D51rs4444903GG,1.1391
D51rs4938723CC,1.149
D51rs4938723CT,1.149
D51rs4938723TC,1.149
D51rs4938723TT,0.7272
D51rs689466AA,1.0609
D51rs689466AG,1.0609
D51rs689466GA,1.0609
D51rs689466GG,0.8354
D51rs861539CC,0.9766
D51rs861539CT,1.1524
D51rs861539TC,1.1524
D51rs861539TT,3.8967
D51rs9275572AA,1.4202
D51rs9275572AG,1.0924
D51rs9275572GA,1.0924
D51rs9275572GG,0.8403
D51rs9288516AA,1.385
D51rs9288516AT,1.0416
D51rs9288516TA,1.0416
D51rs9288516TT,0.563
D52rs1045642AA,1.3229
D52rs1045642AG,0.9517
D52rs1045642GA,0.9517
D52rs1045642GG,0.9517
D52rs10515083AA,0.9528
D52rs10515083AT,0.9528
D52rs10515083TA,0.9528
D52rs10515083TT,1.0356
D52rs10889677AA,1.1469
D52rs10889677AC,0.95
D52rs10889677CA,0.95
D52rs10889677CC,0.85
D52rs1219648AA,0.8181
D52rs1219648AG,1.0798
D52rs1219648GA,1.0798
D52rs1219648GG,1.2762
D52rs1250009CC,1.0457
D52rs1250009CT,1.0457
D52rs1250009TC,1.0457
D52rs1250009TT,0.9254
D52rs12662670GG,1.5034
D52rs12662670GT,1.0533
D52rs12662670TG,1.0533
D52rs12662670TT,0.8494
D52rs13281615AA,0.932
D52rs13281615AG,1.0472
D52rs13281615GA,1.0472
D52rs13281615GG,1.0472
D52rs144848AA,0.8003
D52rs144848AC,1.1097
D52rs144848CA,1.1097
D52rs144848CC,1.1296
D52rs144848GG,1.29
D52rs144848GT,0.9847
D52rs144848TG,0.9847
D52rs144848TT,0.9847
D52rs16886165GG,1.1671
D52rs16886165GT,1.0676
D52rs16886165TG,1.0676
D52rs16886165TT,0.9047
D52rs1695AA,0.9815
D52rs1695AG,0.9815
D52rs1695GA,0.9815
D52rs1695GG,1.2464
D52rs1760944GG,0.8626
D52rs1760944GT,0.8626
D52rs1760944TG,0.8626
D52rs1760944TT,1.2149
D52rs1800449CC,0.7738
D52rs1800449CT,1.2535
D52rs1800449TC,1.2535
D52rs1800449TT,1.9499
D52rs1801133AA,1.2343
D52rs1801133AG,0.9796
D52rs1801133GA,0.9796
D52rs1801133GG,0.9796
D52rs1801320CC,1.2924
D52rs1801320CG,1.1188
D52rs1801320GC,1.1188
D52rs1801320GG,0.9645
D52rs1864182GG,0.8052
D52rs1864182GT,0.8052
D52rs1864182TG,0.8052
D52rs1864182TT,1.0457
D52rs2046210CC,0.8868
D52rs2046210CT,1.0819
D52rs2046210TC,1.0819
D52rs2046210TT,1.0819
D52rs2234767AA,1.15
D52rs2234767AG,1.02
D52rs2234767GA,1.02
D52rs2234767GG,0.924
D52rs2275913AA,1.4696
D52rs2275913AG,0.835
D52rs2275913GA,0.835
D52rs2275913GG,0.835
D52rs2279357CC,0.94
D52rs2279357CT,1.09
D52rs2279357TC,0.94
D52rs2279357TT,1.17
D52rs2279744GG,1.0446
D52rs2279744GT,1.0446
D52rs2279744TG,1.0446
D52rs2279744TT,0.8098
D52rs2981579CC,0.8937
D52rs2981579CT,1.0456
D52rs2981579TC,1.0456
D52rs2981579TT,1.0456
D52rs2981582AA,1.2923
D52rs2981582AG,1.0725
D52rs2981582GA,1.0725
D52rs2981582GG,0.8791
D52rs3025039CC,1.0912
D52rs3025039CT,0.8839
D52rs3025039TC,0.8839
D52rs3025039TT,0.8839
D52rs3746444CC,1.1682
D52rs3746444CT,1.1682
D52rs3746444TC,1.1682
D52rs3746444TT,0.9346
D52rs3784099AA,2.4399
D52rs3784099AG,1.3031
D52rs3784099GA,1.3031
D52rs3784099GG,0.9242
D52rs3803662CC,0.9065
D52rs3803662CT,1.0152
D52rs3803662TC,1.0152
D52rs3803662TT,1.0152
D52rs3817198CC,1.0884
D52rs3817198CT,1.0884
D52rs3817198TC,1.0884
D52rs3817198TT,0.9806
D52rs4973768CC,0.9244
D52rs4973768CT,1.1555
D52rs4973768TC,1.1555
D52rs4973768TT,1.442
D52rs693AA,1.3358
D52rs693AG,1.3358
D52rs693GA,1.3358
D52rs693GG,0.9212
D52rs733618AA,0.9196
D52rs733618AG,0.9196
D52rs733618GA,0.9196
D52rs733618GG,1.3427
D52rs7963551GG,0.83
D52rs7963551GT,0.94
D52rs7963551TG,0.94
D52rs7963551TT,1.04
D52rs799917AA,1.6577
D52rs799917AG,0.04
D52rs799917CC,0.9452
D52rs799917CT,1.0397
D52rs799917GA,0.04
D52rs799917GG,0.04
D52rs799917TC,1.0397
D52rs799917TT,1.0397
D52rs9344AA,1.066
D52rs9344AG,1.0043
D52rs9344GA,1.0043
D52rs9344GG,0.881
D52rs9934948CC,1.3048
D52rs9934948CT,1.0079
D52rs9934948TC,1.0079
D52rs9934948TT,0.7813
D53rs1048943CC,2.2531
D53rs1048943CT,1.2297
D53rs1048943TC,1.2297
D53rs1048943TT,0.7363
D53rs1052133CC,0.808
D53rs1052133CG,0.808
D53rs1052133GC,0.808
D53rs1052133GG,1.3413
D53rs10889677AA,1.0401
D53rs10889677AC,1.0401
D53rs10889677CA,1.0401
D53rs10889677CC,0.5944
D53Rs11615 CC,0.9728
D53Rs11615 CT,0.9728
D53Rs11615 TC,0.9728
D53Rs11615 TT,1.6537
D53rs144848GG,1.336
D53rs144848GT,0.9823
D53rs144848TG,0.9823
D53rs144848TT,0.9823
D53rs1800449CC,0.7738
D53rs1800449CT,1.2535
D53rs1800449TC,1.2535
D53rs1800449TT,1.9499
D53rs1801133AA,1.1704
D53rs1801133AG,1.1704
D53rs1801133GA,1.1704
D53rs1801133GG,0.8606
D53rs1946518GG,0.9517
D53rs1946518GT,0.9517
D53rs1946518TG,0.9517
D53rs1946518TT,1.2201
D53rs2276109CC,1.9996
D53rs2276109CT,1.9996
D53rs2276109TC,1.9996
D53rs2276109TT,0.9131
D53rs2279744GG,0.9072
D53rs2279744GT,0.9072
D53rs2279744TG,0.9072
D53rs2279744TT,1.3957
D53rs2285053CC,1.2947
D53rs2285053CT,0.8194
D53rs2285053TC,0.8194
D53rs2285053TT,0.8194
D53Rs6166CC,1.35
D53Rs6166CT,1.1
D53Rs6166TC,1.1
D53Rs6166TT,0.843
D53rs763110CC,1.1869
D53rs763110CT,0.7715
D53rs763110TC,0.7715
D53rs763110TT,0.7715
D54rs10380CC,0.8816
D54rs10380CT,1.2783
D54rs10380TC,1.2783
D54rs10380TT,1.8536
D54Rs11549467AA,1.83
D54Rs11549467AG,1.83
D54Rs11549467GA,1.83
D54Rs11549467GG,0.913
D54rs11571836AA,0.976
D54rs11571836AG,0.976
D54rs11571836GA,0.976
D54rs11571836GG,1.2688
D54rs12413624AA,0.7707
D54rs12413624AT,0.948
D54rs12413624TA,0.948
D54rs12413624TT,1.166
D54rs1801133AA,1.9935
D54rs1801133AG,1.2019
D54rs1801133GA,1.2019
D54rs1801133GG,0.7197
D54rs20417CC,1.4151
D54rs20417CG,1.4151
D54rs20417GC,1.4151
D54rs20417GG,0.9434
D54rs231775AA,1.731
D54rs231775AG,1.0386
D54rs231775GA,1.0386
D54rs231775GG,0.7868
D54rs25487CC,0.8676
D54rs25487CT,1.1193
D54rs25487TC,1.1193
D54rs25487TT,1.3709
D54rs401681CC,0.9275
D54rs401681CT,0.9275
D54rs401681TC,0.9275
D54rs401681TT,1.0851
D54rs6464375CC,0.9947
D54rs6464375CT,1.124
D54rs6464375TC,1.124
D54rs6464375TT,3.7102
D54rs708224AA,1.4509
D54rs708224AG,1.0991
D54rs708224GA,1.0991
D54rs708224GG,0.8327
D54rs763110CC,1.1403
D54rs763110CT,0.8324
D54rs763110TC,0.8324
D54rs763110TT,0.3991
D55rs1126497CC,0.8062
D55rs1126497CT,1.3705
D55rs1126497TC,1.3705
D55rs1126497TT,1.564
D55rs1136410AA,0.7532
D55rs1136410AG,0.7532
D55rs1136410GA,0.7532
D55rs1136410GG,1.9283
D55rs11614913CC,1.0389
D55rs11614913CT,1.0389
D55rs11614913TC,1.0389
D55rs11614913TT,0.9246
D55rs11730582CC,2.5361
D55rs11730582CT,1.0904
D55rs11730582TC,1.0904
D55rs11730582TT,0.6881
D55rs13117307CC,0.934
D55rs13117307CT,1.1769
D55rs13117307TC,1.1769
D55rs13117307TT,1.4828
D55rs1799782AA,1.8198
D55rs1799782AG,1.0073
D55rs1799782GA,1.0073
D55rs1799782GG,0.8464
D55rs1799864AA,3.0504
D55rs1799864AG,0.9133
D55rs1799864GA,0.9133
D55rs1799864GG,0.9133
D55rs1800629AA,1.412
D55rs1800629AG,0.989
D55rs1800629GA,0.989
D55rs1800629GG,0.989
D55rs187084AA,0.7962
D55rs187084AG,1.0192
D55rs187084GA,1.0192
D55rs187084GG,1.3046
D55rs2069837AA,0.9186
D55rs2069837AG,1.1667
D55rs2069837GA,1.1667
D55rs2069837GG,1.4817
D55rs2275913AA,1.3027
D55rs2275913AG,0.9869
D55rs2275913GA,0.9869
D55rs2275913GG,0.7476
D55rs2736098AA,1.2864
D55rs2736098AG,0.9529
D55rs2736098GA,0.9529
D55rs2736098GG,0.9529
D55rs2736100AA,0.9623
D55rs2736100AC,0.9623
D55rs2736100CA,0.9623
D55rs2736100CC,1.328
D55rs3077AA,1.623
D55rs3077AG,1.0748
D55rs3077GA,1.0748
D55rs3077GG,0.7118
D55rs3212227GG,1.3234
D55rs3212227GT,1.018
D55rs3212227TG,1.018
D55rs3212227TT,0.7831
D55rs5742909CC,0.8701
D55rs5742909CT,1.4182
D55rs5742909TC,1.4182
D55rs5742909TT,2.3117
D55rs727088AA,0.8247
D55rs727088AG,1.1727
D55rs727088GA,1.1727
D55rs727088GG,1.6676
D55rs8067378AA,0.8788
D55rs8067378AG,1.037
D55rs8067378GA,1.037
D55rs8067378GG,1.2237
D55rs861539CC,0.901
D55rs861539CT,1.6398
D55rs861539TC,1.6398
D55rs861539TT,2.8111
D56rs1042522CC,1.4051
D56rs1042522CG,1.0398
D56rs1042522GC,1.0398
D56rs1042522GG,0.8009
D56rs1048943CC,1.731
D56rs1048943CT,0.99
D56rs1048943TC,0.99
D56rs1048943TT,0.99
D56rs1229984AA,0.7942
D56rs1229984AG,1.1437
D56rs1229984GA,1.1437
D56rs1229984GG,1.5011
D56rs1695AA,0.7889
D56rs1695AG,1.2939
D56rs1695GA,1.2939
D56rs1695GG,2.1219
D56rs1799782AA,1.2113
D56rs1799782AG,1.143
D56rs1799782GA,1.143
D56rs1799782GG,0.853
D56rs1799864AA,2.2875
D56rs1799864AG,1.2851
D56rs1799864GA,1.2851
D56rs1799864GG,0.722
D56rs1801133AA,2.6743
D56rs1801133AG,0.8544
D56rs1801133GA,0.8544
D56rs1801133GG,0.8544
D56rs5498AA,0.8639
D56rs5498AG,1.111
D56rs5498GA,1.111
D56rs5498GG,1.4574
D56rs5751129CC,2.0284
D56rs5751129CT,2.0284
D56rs5751129TC,2.0284
D56rs5751129TT,0.8114
D56rs671AA,1.1521
D56rs671AG,1.1521
D56rs671GA,1.1521
D56rs671GG,0.9443
D56rs7664413CC,0.7973
D56rs7664413CT,0.7973
D56rs7664413TC,0.7973
D56rs7664413TT,2.0259
D57rs10090154CC,0.7638
D57rs10090154CT,1.5811
D57rs10090154TC,1.5811
D57rs10090154TT,1.5811
D57rs1056836CC,0.9048
D57rs1056836CG,1.3753
D57rs1056836GC,1.3753
D57rs1056836GG,2.2801
D57rs1447295AA,1.9676
D57rs1447295AC,1.3205
D57rs1447295CA,1.3205
D57rs1447295CC,0.8863
D57rs16260AA,1.8955
D57rs16260AC,1.2151
D57rs16260CA,1.2151
D57rs16260CC,0.7789
D57rs16901979AA,1.6868
D57rs16901979AC,1.1714
D57rs16901979CA,1.1714
D57rs16901979CC,0.8135
D57rs1799793AA,1.987
D57rs1799793AG,1.2383
D57rs1799793GA,1.2383
D57rs1799793GG,0.9599
D57rs1800470AA,0.9266
D57rs1800470AG,1.0016
D57rs1800470GA,1.0016
D57rs1800470GG,1.0828
D57rs1859962GG,1.5524
D57rs1859962GT,1.0281
D57rs1859962TG,1.0281
D57rs1859962TT,0.6808
D57rs2408876CC,1.4694
D57rs2408876CT,1.0421
D57rs2408876TC,1.0421
D57rs2408876TT,0.7391
D57rs339331CC,0.7646
D57rs339331CT,0.9328
D57rs339331TC,0.9328
D57rs339331TT,1.138
D57rs351855AA,1.1608
D57rs351855AG,1.0135
D57rs351855GA,1.0135
D57rs351855GG,0.8663
D57rs4646903CC,1.4824
D57rs4646903CT,1.0294
D57rs4646903TC,1.0294
D57rs4646903TT,0.7149
D57rs4680AA,0.5807
D57rs4680AG,0.5807
D57rs4680GA,0.5807
D57rs4680GG,1.411
D57rs662CC,0.8512
D57rs662CT,0.9907
D57rs662TC,0.9907
D57rs662TT,1.3954
D58rs10453441AA,0.7397
D58rs10453441AG,1.0606
D58rs10453441GA,1.0606
D58rs10453441GG,1.5568
D58rs10821936CC,1.2609
D58rs10821936CT,1.0675
D58rs10821936TC,1.0675
D58rs10821936TT,0.8406
D58rs11614913CC,1.0671
D58rs11614913CT,1.0671
D58rs11614913TC,1.0671
D58rs11614913TT,0.7622
D58rs13181GG,1.2658
D58rs13181GT,1.1198
D58rs13181TG,1.1198
D58rs13181TT,0.9737
D58rs13401811AA,1.7653
D58rs13401811AG,1.2345
D58rs13401811GA,1.2345
D58rs13401811GG,0.8633
D58rs1800470AA,0.7961
D58rs1800470AG,0.9079
D58rs1800470GA,0.9079
D58rs1800470GG,1.9373
D58rs1800566AA,1.1194
D58rs1800566AG,1.1194
D58rs1800566GA,1.1194
D58rs1800566GG,0.7463
D58rs1801133AA,1.3132
D58rs1801133AG,0.9728
D58rs1801133GA,0.9728
D58rs1801133GG,0.9728
D58rs1805087AA,0.9758
D58rs1805087AG,1.1373
D58rs1805087GA,1.1373
D58rs1805087GG,1.1373
D58rs2279744GG,1.203
D58rs2279744GT,0.9774
D58rs2279744TG,0.9774
D58rs2279744TT,0.7519
D58rs2288255AA,0.5858
D58rs2288255AG,0.8943
D58rs2288255GA,0.8943
D58rs2288255GG,1.123
D58rs25487CC,0.9025
D58rs25487CT,1.1733
D58rs25487TC,1.1733
D58rs25487TT,1.1733
D58rs2839471CC,0.7695
D58rs2839471CT,1.2372
D58rs2839471TC,1.2372
D58rs2839471TT,1.2372
D58rs2853676AA,1.2199
D58rs2853676AG,1.2199
D58rs2853676GA,1.2199
D58rs2853676GG,0.9384
D58rs3217927AA,0.9573
D58rs3217927AG,0.9573
D58rs3217927GA,0.9573
D58rs3217927GG,1.7231
D58rs35748167CC,1.1773
D58rs35748167CG,1.1773
D58rs35748167GC,1.1773
D58rs35748167GG,0.9893
D58rs3769825CC,1.3398
D58rs3769825CT,1.1165
D58rs3769825TC,1.1165
D58rs3769825TT,0.9304
D58rs4987852AA,1
D58rs4987852AG,1.41
D58rs4987852GA,1.41
D58rs4987852GG,1.41
D58Rs524952AA,1.2599
D58Rs524952AT,1.1784
D58Rs524952TA,1.1784
D58Rs524952TT,0.6738
D58rs6682925CC,1.2475
D58rs6682925CT,1.0536
D58rs6682925TC,1.0536
D58rs6682925TT,0.8429
D58rs9273363AA,1.2715
D58rs9273363AC,1.0775
D58rs9273363CA,1.0775
D58rs9273363CC,0.9132
D59rs1544410CC,0.9616
D59rs1544410CT,1.5568
D59rs1544410TC,1.5568
D59rs1544410TT,1.9373
D59rs1800012AA,0.977
D59rs1800012AC,1.385
D59rs1800012CA,1.385
D59rs1800012CC,2.0448
D59rs1815739CC,0.8536
D59rs1815739CT,1.33
D59rs1815739TC,1.33
D59rs1815739TT,1.33
D59rs2228570AA,1.2372
D59rs2228570AG,1.0606
D59rs2228570GA,1.0606
D59rs2228570GG,0.7695
D5rs10821415AA,1.0554
D5rs10821415AC,1.0554
D5rs10821415CA,1.0554
D5rs10821415CC,0.9508
D5rs10824026AA,1.077
D5rs10824026AG,0.937
D5rs10824026GA,0.937
D5rs10824026GG,0.937
D5rs1152591CC,0.9401
D5rs1152591CT,1.0623
D5rs1152591TC,1.0623
D5rs1152591TT,1.0623
D5rs13376333CC,0.8945
D5rs13376333CT,1.9499
D5rs13376333TC,1.9499
D5rs13376333TT,1.9499
D5rs1805120CC,1.347
D5rs1805120CT,0.9289
D5rs1805120TC,0.9289
D5rs1805120TT,0.9289
D5rs1805127CC,1.3785
D5rs1805127CT,0.8418
D5rs1805127TC,0.8418
D5rs1805127TT,0.8418
D5rs2106261CC,0.843
D5rs2106261CT,1.1875
D5rs2106261TC,1.1875
D5rs2106261TT,1.3994
D5rs2200733CC,0.5297
D5rs2200733CT,0.9534
D5rs2200733TC,0.9534
D5rs2200733TT,1.4831
D5rs3807989AA,0.9494
D5rs3807989AG,0.9494
D5rs3807989GA,0.9494
D5rs3807989GG,1.0549
D5rs3825214AA,1.1211
D5rs3825214AG,0.9193
D5rs3825214GA,0.9193
D5rs3825214GG,0.9193
D5rs699AA,1.6882
D5rs699AG,0.993
D5rs699GA,0.993
D5rs699GG,0.993
D5rs7164883AA,0.9831
D5rs7164883AG,1.0903
D5rs7164883GA,1.0903
D5rs7164883GG,1.1699
D60rs17513503CC,0.9673
D60rs17513503CG,1.28
D60rs17513503GC,1.28
D60rs17513503GG,1.28
D60rs1898671CC,0.978
D60rs1898671CT,1.15
D60rs1898671TC,1.15
D60rs1898671TT,1.15
D60rs2069772CC,1.1464
D60rs2069772CT,1.1464
D60rs2069772TC,1.1464
D60rs2069772TT,0.9634
D60rs2155219GG,0.9928
D60rs2155219GT,1.18
D60rs2155219TG,1.18
D60rs2155219TT,1.18
D60rs216518AA,1.1851
D60rs216518AC,1.1851
D60rs216518CA,1.1851
D60rs216518CC,0.9794
D60rs6586513AA,0.9164
D60rs6586513AC,1.1364
D60rs6586513CA,1.1364
D60rs6586513CC,1.5376
D60rs6898653AA,0.9355
D60rs6898653AG,1.23
D60rs6898653GA,1.23
D60rs6898653GG,1.23
D60rs7775228GG,0.861
D60rs7775228GT,1.17
D60rs7775228TG,1.17
D60rs7775228TT,1.17
D60rs887864AA,1.16
D60rs887864AG,1.16
D60rs887864GA,1.16
D60rs887864GG,0.9124
D61rs1800795CC,1.385
D61rs1800795CG,1.0457
D61rs1800795GC,1.0457
D61rs1800795GG,0.9517
D61rs4986790AA,0.9864
D61rs4986790AG,1.1967
D61rs4986790GA,1.1967
D61rs4986790GG,1.7185
D61rs5744168AA,2
D61rs5744168AG,1.0776
D61rs5744168GA,1.0776
D61rs5744168GG,0.98
D62rs10791824AA,0.9709
D62rs10791824AG,0.9709
D62rs10791824GA,0.9709
D62rs10791824GG,1.3049
D62rs1249910AA,1.464
D62rs1249910AG,0.9586
D62rs1249910GA,0.9586
D62rs1249910GG,0.9586
D62rs2212434CC,0.9611
D62rs2212434CT,1.0476
D62rs2212434TC,1.0476
D62rs2212434TT,1.0974
D62rs2944542CC,0.8763
D62rs2944542CG,1.2371
D62rs2944542GC,1.2371
D62rs2944542GG,1.2371
D62rs4312054GG,0.9256
D62rs4312054GT,1.3348
D62rs4312054TG,1.3348
D62rs4312054TT,1.3348
D62rs4713555GG,1.2766
D62rs4713555GT,1.2766
D62rs4713555TG,1.2766
D62rs4713555TT,0.8511
D63rs12188300AA,0.9794
D63rs12188300AT,1.665
D63rs12188300TA,1.665
D63rs12188300TT,1.665
D63rs17716942CC,0.7787
D63rs17716942CT,1.243
D63rs17716942TC,1.243
D63rs17716942TT,1.243
D63rs2066819CC,1.301
D63rs2066819CT,0.9837
D63rs2066819TC,0.9837
D63rs2066819TT,0.9837
D63rs2233278CC,1.555
D63rs2233278CG,0.956
D63rs2233278GC,0.956
D63rs2233278GG,0.956
D63rs33980500CC,0.9506
D63rs33980500CT,0.9506
D63rs33980500TC,0.9506
D63rs33980500TT,1.4449
D63rs34536443CC,0.9743
D63rs34536443CG,0.9743
D63rs34536443GC,0.9743
D63rs34536443GG,1.3224
D63rs4406273AA,4.051
D63rs4406273AG,0.9379
D63rs4406273GA,0.9379
D63rs4406273GG,0.9379
D63rs582757CC,1.2372
D63rs582757CT,0.9901
D63rs582757TC,0.9901
D63rs582757TT,0.9901
D63rs6677595CC,1.0769
D63rs6677595CT,1.0377
D63rs6677595TC,1.0377
D63rs6677595TT,0.9434
D63rs9988642CC,0.9901
D63rs9988642CT,0.9901
D63rs9988642TC,0.9901
D63rs9988642TT,1.0431
D64rs1800562AA,1.41
D64rs1800562AG,1.41
D64rs1800562GA,1.41
D64rs1800562GG,0.9743
D64rs1801131GG,1.4376
D64rs1801131GT,1.199
D64rs1801131TG,1.199
D64rs1801131TT,0.9606
D64rs1801133AA,1.1628
D64rs1801133AG,1.1628
D64rs1801133GA,1.1628
D64rs1801133GG,0.999
D64rs8179090CC,0.8972
D64rs8179090CG,0.8972
D64rs8179090GC,0.8972
D64rs8179090GG,2.6071
D65rs1024611AA,0.8911
D65rs1024611AG,1.0285
D65rs1024611GA,1.0285
D65rs1024611GG,1.0285
D65rs1143634AA,1.8439
D65rs1143634AG,0.8739
D65rs1143634GA,0.8739
D65rs1143634GG,0.8739
D65rs1800896CC,0.8545
D65rs1800896CT,0.8545
D65rs1800896TC,0.8545
D65rs1800896TT,1.0545
D65rs4073AA,1.2727
D65rs4073AT,0.9091
D65rs4073TA,0.9091
D65rs4073TT,0.9091
D65rs5029924CC,0.9878
D65rs5029924CT,1.2941
D65rs5029924TC,1.2941
D65rs5029924TT,1.2941
D66rs1801133AA,1.4235
D66rs1801133AG,0.9191
D66rs1801133GA,0.9191
D66rs1801133GG,0.9191
D66rs1801282CC,0.9726
D66rs1801282CG,1.3469
D66rs1801282GC,1.3469
D66rs1801282GG,1.3469
D66rs4880AA,0.8485
D66rs4880AG,1.3121
D66rs4880GA,1.3121
D66rs4880GG,1.3121
D67rs1800469AA,0.9343
D67rs1800469AG,0.9343
D67rs1800469GA,0.9343
D67rs1800469GG,1.1534
D67rs2227307GG,0.9441
D67rs2227307GT,1.541
D67rs2227307TG,1.541
D67rs2227307TT,1.541
D67rs2243248GG,0.7315
D67rs2243248GT,0.8142
D67rs2243248TG,0.8142
D67rs2243248TT,1.2957
D67rs4073AA,1.287
D67rs4073AT,1.287
D67rs4073TA,1.287
D67rs4073TT,0.981
D68rs1042522CC,1.6555
D68rs1042522CG,0.8361
D68rs1042522GC,0.8361
D68rs1042522GG,0.8361
D68rs1045642AA,1.5517
D68rs1045642AG,0.8621
D68rs1045642GA,0.8621
D68rs1045642GG,0.8621
D68rs13181GG,1.4648
D68rs13181GT,1.0938
D68rs13181TG,1.0938
D68rs13181TT,0.9766
D68rs1800629AA,1.6091
D68rs1800629AG,0.9812
D68rs1800629GA,0.9812
D68rs1800629GG,0.9812
D68rs1800890AA,
D68rs1800896CC,0.7618
D68rs1800896CT,0.8989
D68rs1800896TC,0.8989
D68rs1800896TT,1.1112
D68rs4245739CC,
D6rs10204475GG,1.1937
D6rs10204475GT,0.844
D6rs10204475TG,0.844
D6rs10204475TT,0.844
D6rs10486776AA,1.6824
D6rs10486776AG,1.3548
D6rs10486776GA,1.3548
D6rs10486776GG,0.8855
D6rs10849373AA,1.6664
D6rs10849373AG,1.2163
D6rs10849373GA,1.2163
D6rs10849373GG,0.8878
D6rs11052413GG,1.1059
D6rs11052413GT,0.6955
D6rs11052413TG,0.6955
D6rs11052413TT,0.6955
D6rs11206510CC,1.5935
D6rs11206510CT,1.5935
D6rs11206510TC,1.5935
D6rs11206510TT,0.9319
D6rs11833579AA,1.3577
D6rs11833579AG,1.0691
D6rs11833579GA,1.0691
D6rs11833579GG,0.8418
D6rs1800449CC,0.9031
D6rs1800449CT,1.165
D6rs1800449TC,1.165
D6rs1800449TT,1.165
D6rs1800587CC,0.8983
D6rs1800587CT,1.7185
D6rs1800587TC,1.7185
D6rs1800587TT,1.7185
D6rs1800779AA,0.8704
D6rs1800779AG,1.4414
D6rs1800779GA,1.4414
D6rs1800779GG,1.4414
D6rs2070744CC,1.7583
D6rs2070744CT,1.7583
D6rs2070744TC,1.7583
D6rs2070744TT,0.7645
D6rs2108622CC,1.0139
D6rs2108622CT,1.0139
D6rs2108622TC,1.0139
D6rs2108622TT,0.6759
D6rs2389995AA,1.0962
D6rs2389995AG,0.8242
D6rs2389995GA,0.8242
D6rs2389995GG,0.6197
D6rs266729CC,0.8837
D6rs266729CG,0.8837
D6rs266729GC,0.8837
D6rs266729GG,1.9131
D6rs351855AA,0.8861
D6rs351855AG,0.8861
D6rs351855GA,0.8861
D6rs351855GG,1.2658
D6rs3861950CC,1.5192
D6rs3861950CT,1.5192
D6rs3861950TC,1.5192
D6rs3861950TT,0.8937
D6rs3890011CC,0.9542
D6rs3890011CG,0.9542
D6rs3890011GC,0.9542
D6rs3890011GG,1.085
D6rs42524CC,1.9608
D6rs42524CG,1.9608
D6rs42524GC,1.9608
D6rs42524GG,0.817
D6rs662799AA,0.9584
D6rs662799AG,0.9584
D6rs662799GA,0.9584
D6rs662799GG,1.6293
D6rs662CC,1.0506
D6rs662CT,1.017
D6rs662TC,1.017
D6rs662TT,0.8405
D6rs699AA,1.373
D6rs699AG,1.373
D6rs699GA,1.373
D6rs699GG,0.869
D6rs805296AA,0.9005
D6rs805296AG,1.5038
D6rs805296GA,1.5038
D6rs805296GG,1.5038
D6rs918592AA,1.4738
D6rs918592AG,0.7881
D6rs918592GA,0.7881
D6rs918592GG,0.7881
D6rs9404941CC,1.4366
D6rs9404941CT,1.4366
D6rs9404941TC,1.4366
D6rs9404941TT,0.7533
D6rs9471058AA,1.0849
D6rs9471058AC,1.0849
D6rs9471058CA,1.0849
D6rs9471058CC,0.6382
D6rs9579646AA,0.8258
D6rs9579646AG,0.8258
D6rs9579646GA,0.8258
D6rs9579646GG,1.4286
D6rs966221CC,1.1918
D6rs966221CT,1.1918
D6rs966221TC,1.1918
D6rs966221TT,0.9098
D7rs1042713AA,0.9383
D7rs1042713AG,0.9383
D7rs1042713GA,0.9383
D7rs1042713GG,1.3792
D7rs10499859AA,0.7715
D7rs10499859AG,1.2576
D7rs10499859GA,1.2576
D7rs10499859GG,1.2576
D7rs11191548CC,1.1301
D7rs11191548CT,1.1301
D7rs11191548TC,1.1301
D7rs11191548TT,0.8969
D7rs11676382CC,1
D7rs11676382CG,1
D7rs11676382GC,1
D7rs11676382GG,1
D7rs12413409AA,1.2494
D7rs12413409AG,1.067
D7rs12413409GA,1.067
D7rs12413409GG,0.912
D7rs16998073AA,0.8153
D7rs16998073AT,1.1462
D7rs16998073TA,1.0762
D7rs16998073TT,1.0762
D7rs1799983GG,0.9356
D7rs1799983GT,1.2257
D7rs1799983TG,1.2257
D7rs1799983TT,1.2257
D7rs1799998CC,0.9335
D7rs1799998CT,1.0082
D7rs1799998TC,1.0082
D7rs1799998TT,1.0082
D7rs2070584GG,1.0526
D7rs2070584GT,1.0526
D7rs2070584TG,1.0526
D7rs2070584TT,1.0526
D7rs2108622CC,1.001
D7rs2108622CT,1.001
D7rs2108622TC,1.001
D7rs2108622TT,1.001
D7rs3754777CC,0.918
D7rs3754777CT,1.1649
D7rs3754777TC,1.0649
D7rs3754777TT,1.0649
D7rs3781719AA,0.897
D7rs3781719AG,1.6682
D7rs3781719GA,1.6682
D7rs3781719GG,1.6682
D7rs3865418CC,0.8581
D7rs3865418CT,1.107
D7rs3865418TC,1.107
D7rs3865418TT,1.107
D7rs495828GG,1.001
D7rs495828GT,1.001
D7rs495828TG,1.001
D7rs495828TT,1.001
D7rs4961GG,0.843
D7rs4961GT,1.0537
D7rs4961TG,1.0537
D7rs4961TT,1.0537
D7rs5186AA,0.9164
D7rs5186AC,1.3563
D7rs5186CA,1.3563
D7rs5186CC,1.3563
D7rs699AA,0.7343
D7rs699AG,1.1134
D7rs699GA,1.0134
D7rs699GG,1.2134
D7rs9315204CC,0.928
D7rs9315204CT,1.1136
D7rs9315204TC,1.1136
D7rs9315204TT,1.3363
D7rs9619311CC,0.999
D7rs9619311CT,0.999
D7rs9619311TC,0.999
D7rs9619311TT,0.999
D8 rs4148222CC,0.999
D8 rs4148222CT,0.999
D8 rs4148222TC,0.999
D8 rs4148222TT,0.999
D8rs1003723CC,0.8175
D8rs1003723CT,1.4469
D8rs1003723TC,1.4469
D8rs1003723TT,2.5587
D8rs12654264AA,0.9149
D8rs12654264AT,0.9881
D8rs12654264TA,0.9881
D8rs12654264TT,1.0613
D8rs1367117AA,1.5144
D8rs1367117AG,1.202
D8rs1367117GA,1.202
D8rs1367117GG,0.9465
D8rs17145738CC,1.0426
D8rs17145738CT,0.8137
D8rs17145738TC,0.8137
D8rs17145738TT,0.6357
D8rs1800588CC,1.1032
D8rs1800588CT,0.9675
D8rs1800588TC,0.9675
D8rs1800588TT,0.8487
D8rs2075291AA,10.7169
D8rs2075291AC,3.4471
D8rs2075291CA,3.4471
D8rs2075291CC,0.8073
D8rs3060CC,1
D8rs3060CT,1
D8rs3060TC,1
D8rs3060TT,1
D8rs326AA,1.052
D8rs326AG,0.904
D8rs326GA,0.904
D8rs326GG,0.7793
D8rs3764261AA,0.6659
D8rs3764261AC,0.8457
D8rs3764261CA,0.8457
D8rs3764261CC,1.0654
D8rs4149081AA,1
D8rs4149081AG,1
D8rs4149081GA,1
D8rs4149081GG,1
D8rs4420638AA,0.9662
D8rs4420638AG,1.1112
D8rs4420638GA,1.1112
D8rs4420638GG,1.2754
D8rs4846914AA,0.5595
D8rs4846914AG,0.8112
D8rs4846914GA,0.8112
D8rs4846914GG,1.1749
D8rs780094CC,0.8743
D8rs780094CT,0.9705
D8rs780094TC,0.9705
D8rs780094TT,1.0754
D8rs8192870AA,1
D8rs8192870AC,1
D8rs8192870CA,1
D8rs8192870CC,1
D9rs1893217CC,1.0852
D9rs1893217CT,1.0852
D9rs1893217TC,1.0852
D9rs1893217TT,0.9659
D9rs1946518GG,0.906
D9rs1946518GT,0.906
D9rs1946518TG,0.906
D9rs1946518TT,1.1325
D9rs2040410AA,1.8753
D9rs2040410AG,1.4065
D9rs2040410GA,1.4065
D9rs2040410GG,0.9376
D9rs2476601AA,1.484
D9rs2476601AG,1.2861
D9rs2476601GA,1.2861
D9rs2476601GG,0.9893
D9rs2488457CC,1.0417
D9rs2488457CG,1.0417
D9rs2488457GC,1.0417
D9rs2488457GG,0.6944
D9rs3087243AA,1.3836
D9rs3087243AG,1.168
D9rs3087243GA,1.168
D9rs3087243GG,0.8984
D9rs3741208CC,0.9847
D9rs3741208CT,1.0339
D9rs3741208TC,1.0339
D9rs3741208TT,1.0339
D9rs7454108CC,1.8779
D9rs7454108CT,1.4085
D9rs7454108TC,1.4085
D9rs7454108TT,0.939
D9rs9273363AA,1.3682
D9rs9273363AC,1.1903
D9rs9273363CA,1.1903
D9rs9273363CC,0.6841
