,Disease_code,rs_number,genotype
0,D1,rs1801282,CG
1,D1,rs5443,CC
2,D1,rs2282440,GG
3,D1,rs1800006,GG
4,D1,rs1042714,CC
5,D1,rs7732671,GG
6,D1,rs6499640,GG
7,D1,rs1822825,AG
8,D1,rs712221,AT
9,D1,rs2167270,GG
10,D1,rs74315350,CC
11,D1,rs17782313,TT
12,D2,rs11726117,CT
13,D2,rs1333049,CC
14,D2,rs1137070,TT
15,D2,rs2283725,AA
16,D2,rs13124007,CC
17,D2,rs2231142,GT
18,D2,rs3733591,TT
19,D2,rs559946,CT
20,D3,rs1111875,CT
21,D3,rs7903146,CC
22,D3,rs10946398,AC
23,D3,rs10811661,TT
24,D3,rs391300,CT
25,D3,rs2237895,AC
26,D3,rs5219,CT
27,D3,rs13266634,CC
28,D3,rs17584499,CC
29,D3,rs1801282,CG
30,D4,rs11066001,TT
31,D4,rs9366637,CT
32,D4,rs7412,CC
33,D4,rs5186,AA
34,D4,rs174547,TT
35,D4,rs1800683,AG
36,D4,rs1041981,AC
37,D4,rs2071592,TT
38,D4,rs2239527,GG
39,D4,rs1048990,CG
40,D5,rs13376333,CC
41,D5,rs1805127,CT
42,D5,rs2106261,CT
43,D5,rs699,GG
44,D6,rs10204475,GT
45,D6,rs699,GG
46,D6,rs351855,GG
47,D6,rs9471058,CC
48,D6,rs42524,GG
49,D7,rs699,GG
50,D7,rs5186,AA
51,D7,rs11191548,TT
52,D7,rs4961,GT
53,D7,rs3865418,CT
54,D7,rs3754777,CT
55,D7,rs16998073,AT
56,D7,rs1799983,GT
57,D7,rs3781719,AA
58,D8,rs1367117,GG
59,D8,rs2075291,CC
60,D8,rs4420638,AA
61,D8,rs326,AA
62,D8,rs1800588,CT
63,D8,rs3764261,CC
64,D8,rs4846914,GG
65,D8,rs780094,CC
66,D8,rs12654264,TT
67,D8,rs17145738,CC
68,D10,rs26307,CC
69,D10,rs2227982,GG
70,D10,rs27044,CG
71,D10,rs10865331,GG
72,D11,rs231735,TT
73,D11,rs660895,AG
74,D11,rs2240335,AA
75,D11,rs7528684,AA
76,D11,rs3766379,TT
77,D11,rs6682654,GG
78,D11,rs3027898,CC
79,D11,rs805297,AC
80,D12,rs2004640,TT
81,D12,rs3748079,CC
82,D12,rs3130342,CC
83,D12,rs7574865,GG
84,D12,rs3765456,GG
85,D12,rs10865035,AG
86,D12,rs2230926,TT
87,D12,rs9888739,CC
88,D13,rs1024161,TT
89,D13,rs179247,AG
90,D13,rs12101261,TT
91,D13,rs1800630,CC
92,D13,rs2228570,AG
93,D15,rs7412,CC
94,D15,rs429358,TT
95,D15,rs7101429,AA
96,D15,rs610932,GT
97,D15,rs10845990,GT
98,D15,rs334558,AG
99,D16,rs242562,AG
100,D16,rs11248051,CC
101,D16,rs3129882,GG
102,D16,rs1801133,AA
103,D16,rs2736990,AG
104,D16,rs356220,CT
105,D16,rs1799964,TT
106,D16,rs34778348,GG
107,D16,rs334558,AG
108,D17,rs13182402,AG
109,D17,rs1801133,AA
110,D17,rs2077647,CT
111,D17,rs3020314,CC
112,D17,rs1107748,TT
113,D17,rs1544410,CC
114,D17,rs4454537,CT
115,D18,rs1800629,GG
116,D18,rs2830585,CT
117,D18,rs7639618,TT
118,D18,rs143383,AA
119,D18,rs10980705,TT
120,D18,rs12901499,GG
121,D18,rs3775296,CA
122,D18,rs1143627,GA
123,D18,rs16944,GA
124,D19,rs1052133,GG
125,D19,rs25487,CC
126,D19,rs477558,AA
127,D19,rs2725338,AG
128,D20,rs11200638,GG
129,D20,rs800292,AG
130,D20,rs1410996,AG
131,D20,rs2241394,CG
132,D20,rs1695,AG
133,D20,rs10490924,GT
134,D20,rs833061,TT
135,D21,rs1042522,CC
136,D21,rs1800629,GG
137,D21,rs10483727,TT
138,D21,rs523096,AG
139,D21,rs1063192,AA
140,D21,rs5745718,GG
141,D22,rs1501299,GG
142,D22,rs1695,AG
143,D22,rs1051740,CT
144,D22,rs2234922,AA
145,D22,rs6495309,CT
146,D23,rs20417,CC
147,D23,rs755622,CC
148,D23,rs2910164,CG
149,D23,rs2077647,CT
150,D23,rs886277,CC
151,D23,rs430397,CC
152,D23,rs3077,AG
153,D23,rs4073,AA
154,D23,rs671,GG
155,D24,rs738409,GG
156,D24,rs1800804,TT
157,D24,rs1057613,AG
158,D24,rs780094,CC
159,D24,rs1801282,CG
160,D24,rs20417,CC
161,D24,rs1545224,GA
162,D24,rs1800588,CT
163,D24,rs3772622,CT
164,D25,rs11887534,GG
165,D25,rs440446,CC
166,D25,rs3758650,GG
167,D25,rs4073,AA
168,D25,rs2227307,GG
169,D25,rs2227306,CT
170,D25,rs1126579,CT
171,D25,rs486907,TT
172,D25,rs2297518,GG
173,D26,rs4236,CT
174,D26,rs1000597,TT
175,D26,rs4142110,TT
176,D26,rs12669187,GG
177,D26,rs7981733,TT
178,D26,rs549908,TT
179,D27,rs2294008,CT
180,D27,rs1800796,CC
181,D27,rs16944,GA
182,D27,rs1143627,GA
183,D27,rs4073,AA
184,D27,rs2275913,GG
185,D28,rs3025039,CC
186,D28,rs1205,CT
187,D28,rs1130864,GG
188,D28,rs3808607,GT
189,D28,rs34612342,TT
190,D28,rs36053993,GG
191,D28,rs1801166,GG
192,D32,rs1042522,CC
193,D32,rs17561,AC
194,D32,rs3783550,GT
195,D32,rs3783525,TT
196,D32,rs10965235,AC
197,D32,rs16826658,GT
198,D32,rs505444,CC
199,D32,rs726160,GG
200,D32,rs1864649,TT
201,D33,rs9340799,AA
202,D33,rs991964,CT
203,D33,rs25487,CC
204,D33,rs4957014,TG
205,D33,rs3756712,AA
206,D33,rs1048943,CT
207,D34,rs13429458,CC
208,D34,rs12478601,TT
209,D34,rs13405728,AG
210,D34,rs705702,AA
211,D34,rs1894116,AA
212,D34,rs2272046,CC
213,D34,rs3802457,AG
214,D34,rs4385527,GG
215,D34,rs2268361,CT
216,D34,rs2349415,CT
217,D35,rs672607,GA
218,D35,rs6265,TT
219,D35,rs4570625,GT
220,D35,rs1800532,GT
221,D35,rs3748989,CT
222,D35,rs231779,TT
223,D35,rs4815787,AA
224,D36,rs1800532,GT
225,D36,rs6265,TT
226,D36,rs2494732,CC
227,D36,rs2498804,AA
228,D36,rs3803300,TT
229,D36,rs4680,GG
230,D36,rs878567,GG
231,D36,rs2433322,AG
232,D36,rs231779,TT
233,D36,rs1387923,AG
234,D36,rs17721321,GG
235,D36,rs3746682,GG
236,D37,rs672607,GA
237,D37,rs10761482,CT
238,D37,rs2391191,AA
239,D37,rs17039584,AA
240,D37,rs2024513,AA
241,D37,rs13382584,TT
242,D37,rs2312147,CT
243,D40,rs1295686,TT
244,D40,rs2280091,AG
245,D40,rs2243250,TT
246,D40,rs324981,AT
247,D40,rs324987,CT
248,D40,rs2787094,GG
249,D40,rs3741240,GG
250,D41,rs103294,CC
251,D41,rs339331,CT
252,D41,rs12621278,AG
253,D41,rs743572,AG
254,D41,rs1800470,AG
255,D41,rs1544410,CC
256,D45,rs2275913,GG
257,D45,rs763780,TT
258,D45,rs2294008,CT
259,D45,rs1042522,CC
260,D45,rs861539,CC
261,D45,rs11536889,GG
262,D45,rs884225,TT
263,D45,rs1052133,GG
264,D45,rs2910164,CG
265,D45,rs9344,AG
266,D46,rs2019720,GG
267,D46,rs1801133,AA
268,D46,rs1800566,GG
269,D46,rs25487,CC
270,D46,rs4444903,GG
271,D46,rs6983267,TT
272,D46,rs4939827,CT
273,D46,rs462779,AG
274,D46,rs373572,CT
275,D46,rs696,CC
276,D46,rs2232596,AG
277,D46,rs671,GG
278,D46,rs1042522,CC
279,D47,rs2239815,CT
280,D47,rs3805322,GG
281,D47,rs17028973,CC
282,D47,rs1801133,AA
283,D47,rs2029166,TT
284,D47,rs4444903,GG
285,D47,rs662,CT
286,D47,rs1042522,CC
287,D47,rs13016963,GG
288,D47,rs1799782,AA
289,D47,rs2274223,AA
290,D48,rs402710,CC
291,D48,rs1052133,GG
292,D48,rs11614913,CC
293,D48,rs6495309,CT
294,D48,rs1760944,TG
295,D48,rs3866958,CC
296,D48,rs2736100,AC
297,D48,rs4488809,TT
298,D48,rs696,CC
299,D48,rs10889677,AA
300,D48,rs2236141,CC
301,D48,rs1801133,AA
302,D48,rs25487,CC
303,D48,rs1048943,CT
304,D48,rs1042522,CC
305,D48,rs243865,CC
306,D49,rs1946518,TT
307,D49,rs1042522,CC
308,D49,rs243865,CC
309,D49,rs10889677,AA
310,D49,rs1800469,AG
311,D49,rs2860580,AG
312,D49,rs9510787,GG
313,D49,rs6774494,GG
314,D49,rs1805794,CG
315,D49,rs25487,CC
316,D49,rs231775,GG
317,D50,rs20417,CC
318,D50,rs4073,AA
319,D50,rs9387033,TT
320,D50,rs9788973,CT
321,D50,rs12050732,AA
322,D50,rs7720677,CT
323,D50,rs7187863,AG
324,D50,rs1052176,TT
325,D50,rs13447720,TT
326,D50,rs17102087,CT
327,D50,rs2274223,AA
328,D50,rs1042522,CC
329,D50,rs2070803,GG
330,D50,rs2294008,CT
331,D50,rs13361707,CT
332,D50,rs1799782,AA
333,D50,rs1800629,GG
334,D50,rs1800872,GG
335,D51,rs1052133,GG
336,D51,rs9288516,TT
337,D51,rs1800872,GG
338,D51,rs9275572,AG
339,D51,rs2596542,CT
340,D51,rs1051740,CT
341,D51,rs4444903,GG
342,D51,rs1801270,AA
343,D51,rs34330,CT
344,D51,rs861539,CC
345,D51,rs1800629,GG
346,D51,rs1042522,CC
347,D51,rs1801131,TT
348,D52,rs1760944,TG
349,D52,rs693,GG
350,D52,rs3784099,GG
351,D52,rs9934948,CT
352,D52,rs1219648,GG
353,D52,rs2981582,AG
354,D52,rs16886165,TT
355,D52,rs2275913,GG
356,D52,rs1800449,CT
357,D52,rs1801133,AA
358,D52,rs10889677,AA
359,D52,rs1695,AG
360,D52,rs1045642,GG
361,D52,rs9344,AG
362,D52,rs3025039,CC
363,D53,rs6166,TT
364,D53,rs1946518,TT
365,D53,rs1801133,AA
366,D53,rs1800449,CT
367,D53,rs1048943,CT
368,D53,rs1052133,GG
369,D53,rs10889677,AA
370,D53,rs2276109,TT
371,D53,rs2285053,CT
372,D53,rs763110,CC
373,D54,rs10380,CC
374,D54,rs763110,CC
375,D54,rs25487,CC
376,D54,rs12413624,TT
377,D54,rs6464375,CC
378,D54,rs231775,GG
379,D54,rs1801133,AA
380,D54,rs20417,CC
381,D55,rs861539,CC
382,D55,rs8067378,AG
383,D55,rs727088,AA
384,D55,rs2275913,GG
385,D55,rs3077,AG
386,D55,rs1799782,AA
387,D55,rs1126497,CC
388,D55,rs11730582,CT
389,D55,rs1136410,GA
390,D55,rs3212227,GG
391,D55,rs187084,AG
392,D55,rs1799864,GG
393,D55,rs2736100,AC
394,D55,rs1800629,GG
395,D56,rs1799782,AA
396,D56,rs1799864,GG
397,D56,rs7664413,CC
398,D56,rs5751129,TT
399,D56,rs1695,AG
400,D56,rs1042522,CC
401,D56,rs1801133,AA
402,D56,rs1048943,CT
403,D57,rs2408876,TT
404,D57,rs339331,CT
405,D57,rs4680,GG
406,D57,rs16260,AC
407,D57,rs662,CT
408,D57,rs351855,GG
409,D57,rs1800470,AG
410,D58,rs1800470,AG
411,D58,rs10453441,GG
412,D58,rs524952,TT
413,D58,rs2839471,TT
414,D58,rs2288255,AG
415,D59,rs1815739,CC
416,D59,rs1800012,CC
417,D59,rs2228570,AG
418,D59,rs1544410,CC
419,D60,rs7775228,GT
420,D60,rs2155219,GT
421,D60,rs17513503,CC
422,D60,rs6898653,AG
423,D60,rs887864,AA
424,D60,rs2069772,TT
425,D60,rs216518,CC
426,D60,rs6586513,AA
427,D60,rs1898671,CC
428,D61,rs1800795,GG
429,D61,rs5744168,GG
430,D61,rs4986790,AA
431,D62,rs10791824,AG
432,D62,rs2212434,CT
433,D62,rs4713555,GT
434,D62,rs2944542,CG
435,D62,rs4312054,TT
436,D62,rs1249910,GG
437,D63,rs9988642,TT
438,D63,rs6677595,CC
439,D63,rs17716942,TT
440,D63,rs2233278,GG
441,D63,rs12188300,AA
442,D63,rs4406273,GG
443,D63,rs33980500,CC
444,D63,rs582757,CT
445,D63,rs2066819,CC
446,D63,rs34536443,GG
447,D64,rs1800562,GG
448,D64,rs1801133,AA
449,D64,rs1801131,TT
450,D65,rs1024611,GG
451,D65,rs1143634,GG
452,D65,rs4073,AA
453,D65,rs1800896,TT
454,D66,rs4880,AA
455,D66,rs1801282,CG
456,D66,rs1801133,AA
457,D67,rs2243248,TT
458,D67,rs4073,AA
459,D67,rs2227307,GG
460,D67,rs1800469,AG
461,D68,rs1800629,GG
462,D68,rs1800896,TT
463,D68,rs1045642,GG
464,D68,rs13181,TT
465,D68,rs1042522,CC
466,D52,rs799917,GG
467,D52,rs144848,AA
